Date,gdx,gld
2006-05-22,33.280136,65.300003
2006-05-23,33.932686,66.379997
2006-05-24,32.645458000000005,64.059998
2006-05-25,34.254494,64.699997
2006-05-26,34.460087,65.099998
2006-05-30,34.120399,65.110001
2006-05-31,34.728264,64.230003
2006-06-01,34.442215000000004,62.560001
2006-06-02,34.978553999999995,63.5
2006-06-05,34.084656,63.290001000000004
2006-06-06,33.083473,62.549999
2006-06-07,32.305779,62.279999
2006-06-08,31.528082,60.91
2006-06-09,31.349295,60.450001
2006-06-12,30.196159,60.029999
2006-06-13,28.783787,55.919998
2006-06-14,29.525724,55.619999
2006-06-15,31.233093,57.32
2006-06-16,30.902346,57.68
2006-06-19,30.035252000000003,56.360001000000004
2006-06-20,30.696749,57.299999
2006-06-21,32.055481,58.330002
2006-06-22,31.858826,57.73
2006-06-23,32.43092,57.990002000000004
2006-06-26,32.743786,58.279999
2006-06-27,31.715805,57.68
2006-06-28,31.563834999999997,57.540001000000004
2006-06-29,33.932686,59.52
2006-06-30,34.594181,61.23
2006-07-03,35.961853000000005,62.18
2006-07-05,35.193089,62.5
2006-07-06,35.5149,63.02
2006-07-07,34.889168,62.630001
2006-07-10,34.56736,62.02
2006-07-11,35.541714,63.810001
2006-07-12,35.300365,64.91999799999999
2006-07-13,34.263439,65.550003
2006-07-14,34.835533,65.849998
2006-07-17,33.432102,63.950001
2006-07-18,33.074539,62.900002
2006-07-19,34.361763,64.029999
2006-07-20,32.922581,62.540001000000004
2006-07-21,32.010784,61.709998999999996
2006-07-24,32.797421,61.139998999999996
2006-07-25,33.691322,61.549999
2006-07-26,34.290245,62.0
2006-07-27,33.521481,62.900002
2006-07-28,34.665688,63.110001000000004
2006-07-31,34.647812,63.16
2006-08-01,35.532771999999994,64.32
2006-08-02,36.346233000000005,64.75
2006-08-03,35.675804,64.120003
2006-08-04,35.389751000000004,64.279999
2006-08-07,35.863521999999996,64.5
2006-08-08,35.505955,63.970001
2006-08-09,36.274727,64.629997
2006-08-10,35.532771999999994,63.25
2006-08-11,34.585239,62.709998999999996
2006-08-14,34.004196,62.25
2006-08-15,34.469032,62.009997999999996
2006-08-16,35.032191999999995,62.490002000000004
2006-08-17,34.218727,61.029999
2006-08-18,34.308121,61.040001000000004
2006-08-21,36.015491,62.439999
2006-08-22,36.203205,62.049999
2006-08-23,36.095943,61.830002
2006-08-24,35.532771999999994,61.75
2006-08-25,35.73838,61.77
2006-08-28,34.942806,61.0
2006-08-29,35.175213,60.939999
2006-08-30,35.318241,61.419998
2006-08-31,36.283660999999995,62.290001000000004
2006-09-01,36.551838000000004,62.139998999999996
2006-09-05,37.633457,63.360001000000004
2006-09-06,37.275894,62.860001000000004
2006-09-07,36.024429,61.25
2006-09-08,35.076889,60.639998999999996
2006-09-11,32.538197,58.5
2006-09-12,32.243206,58.32
2006-09-13,32.4935,58.619999
2006-09-14,31.242025,57.189999
2006-09-15,31.492315,57.400002
2006-09-18,32.314716,58.23
2006-09-19,31.000669,56.919998
2006-09-20,30.714622,57.259997999999996
2006-09-21,31.107944,57.950001
2006-09-22,31.152641,58.5
2006-09-25,30.804014000000002,58.5
2006-09-26,31.849885999999998,58.740002000000004
2006-09-27,32.529255,59.810001
2006-09-28,32.144871,59.790001000000004
2006-09-29,31.867769,59.470001
2006-10-02,31.939273999999997,59.150002
2006-10-03,29.910104999999998,57.110001000000004
2006-10-04,30.187215999999996,56.369999
2006-10-05,30.848705,56.919998
2006-10-06,30.723564,56.990002000000004
2006-10-09,30.473269000000002,57.200001
2006-10-10,30.777196999999997,57.0
2006-10-11,30.222979,56.880001
2006-10-12,31.018557,57.490002000000004
2006-10-13,31.992907000000002,58.57
2006-10-16,32.234264,59.169998
2006-10-17,32.001846,58.650002
2006-10-18,31.447632000000002,58.59
2006-10-19,32.484558,59.41
2006-10-20,31.948217,58.779999
2006-10-23,32.252144,57.759997999999996
2006-10-24,32.475615999999995,58.169998
2006-10-25,33.387402,58.759997999999996
2006-10-26,33.315891,59.290001000000004
2006-10-27,32.931507,59.400002
2006-10-30,33.083473,59.900002
2006-10-31,33.932686,60.240002000000004
2006-11-01,34.004196,61.360001000000004
2006-11-02,34.272369,61.919998
2006-11-03,34.683571,62.299999
2006-11-06,34.352818,61.889998999999996
2006-11-07,34.460087,62.040001000000004
2006-11-08,34.200859,61.110001000000004
2006-11-09,35.666862,62.950001
2006-11-10,34.871288,62.490002000000004
2006-11-13,34.790836,62.189999
2006-11-14,34.326004,61.630001
2006-11-15,34.755081,61.84
2006-11-16,33.360584,61.310001
2006-11-17,33.387402,61.779999
2006-11-20,33.360584,61.77
2006-11-21,34.585239,62.27
2006-11-22,34.719326,62.5
2006-11-24,35.666862,63.5
2006-11-27,35.720504999999996,63.700001
2006-11-28,36.113819,63.57
2006-11-29,36.230026,63.16
2006-11-30,37.526184,64.389999
2006-12-01,37.132874,64.120003
2006-12-04,37.624516,64.120003
2006-12-05,37.168633,63.810001
2006-12-06,36.56971,62.689999
2006-12-07,36.873638,62.73
2006-12-08,36.203205,62.049999
2006-12-11,36.498199,62.57
2006-12-12,36.078072,62.52
2006-12-13,36.113819,62.48
2006-12-14,36.247906,62.119999
2006-12-15,35.541714,61.0
2006-12-18,35.148403,61.040001000000004
2006-12-19,36.131699,61.799999
2006-12-20,35.4702,61.619999
2006-12-21,34.96368,61.380001
2006-12-22,34.685764,61.650002
2006-12-26,34.990574,61.98
2006-12-27,35.671921000000005,62.220001
2006-12-28,36.012592,62.900002
2006-12-29,35.779495000000004,63.209998999999996
2007-01-03,34.452667,62.279999
2007-01-04,33.816151,61.650002
2007-01-05,33.358936,60.169998
2007-01-08,33.439613,60.48
2007-01-09,33.215492,60.849998
2007-01-10,32.821037,60.59
2007-01-11,33.107918,60.630001
2007-01-12,33.977524,62.169998
2007-01-16,33.636852000000005,61.970001
2007-01-17,33.798233,62.639998999999996
2007-01-18,33.143776,62.259997999999996
2007-01-19,33.645817,63.0
2007-01-22,33.412724,62.720001
2007-01-23,35.053329,64.230003
2007-01-24,35.465728999999996,64.33000200000001
2007-01-25,35.062294,64.059998
2007-01-26,35.142982,64.16999799999999
2007-01-29,34.560249,63.77
2007-01-30,34.936787,64.220001
2007-01-31,35.501583000000004,64.83000200000001
2007-02-01,35.725708000000004,65.220001
2007-02-02,35.250565,64.279999
2007-02-05,35.393993,64.309998
2007-02-06,35.618126000000004,64.790001
2007-02-07,35.2416,64.629997
2007-02-08,36.093272999999996,65.519997
2007-02-09,35.958801,66.120003
2007-02-12,35.510544,65.66999799999999
2007-02-13,36.066383,65.839996
2007-02-14,36.658077,66.370003
2007-02-15,36.935986,66.410004
2007-02-16,36.702892,66.360001
2007-02-20,35.931911,65.309998
2007-02-21,37.267693,67.349998
2007-02-22,37.473892,67.150002
2007-02-23,37.500782,67.720001
2007-02-26,37.966976,68.099998
2007-02-27,35.277458,65.410004
2007-02-28,35.851223,66.480003
2007-03-01,35.098156,65.82
2007-03-02,33.780304,63.709998999999996
2007-03-05,33.098949,62.93
2007-03-06,34.138897,64.150002
2007-03-07,34.147861,64.300003
2007-03-08,34.380955,64.480003
2007-03-09,34.094066999999995,64.25
2007-03-12,34.64991,64.370003
2007-03-13,33.305145,63.720001
2007-03-14,33.493412,63.939999
2007-03-15,34.282337,63.98
2007-03-16,34.389915,64.620003
2007-03-19,34.829197,64.739998
2007-03-20,35.160911999999996,65.269997
2007-03-21,35.958801,65.82
2007-03-22,35.833294,65.760002
2007-03-23,35.707778999999995,65.150002
2007-03-26,35.985699,65.839996
2007-03-27,35.3671,65.699997
2007-03-28,35.537445,66.050003
2007-03-29,35.3671,65.650002
2007-03-30,35.474682,65.739998
2007-04-02,35.994663,65.849998
2007-04-03,36.290508,65.83000200000001
2007-04-04,36.927025,66.809998
2007-04-05,36.909096000000005,66.860001
2007-04-09,36.80151,66.529999
2007-04-10,37.097351,67.160004
2007-04-11,36.846336,67.08000200000001
2007-04-12,37.007706,66.989998
2007-04-13,37.966976,67.839996
2007-04-16,38.44212,68.400002
2007-04-17,37.913181,68.0
2007-04-18,37.733883,68.379997
2007-04-19,36.81945,67.529999
2007-04-20,37.178047,68.699997
2007-04-23,36.837379,68.260002
2007-04-24,36.353264,67.730003
2007-04-25,36.765656,67.889999
2007-04-26,35.913975,66.870003
2007-04-27,36.164993,67.559998
2007-04-30,35.465728999999996,67.089996
2007-05-01,35.232632,66.690002
2007-05-02,36.182926,66.660004
2007-05-03,36.4967,67.489998
2007-05-04,36.4967,68.190002
2007-05-07,36.738758000000004,68.25
2007-05-08,36.532558,67.879997
2007-05-09,36.398083,67.449997
2007-05-10,35.393993,66.0
2007-05-11,35.636051,66.449997
2007-05-14,35.107116999999995,66.279999
2007-05-15,35.026436,66.540001
2007-05-16,34.461643,65.599998
2007-05-17,34.300266,65.059998
2007-05-18,34.972645,65.519997
2007-05-21,35.385036,65.66999799999999
2007-05-22,34.838169,65.199997
2007-05-23,35.250565,65.540001
2007-05-24,34.147861,64.75
2007-05-25,34.300266,64.940002
2007-05-29,34.022346,65.07
2007-05-30,34.058212,64.720001
2007-05-31,35.107116999999995,65.540001
2007-06-01,35.913975,66.440002
2007-06-04,35.905003,66.540001
2007-06-05,35.618126000000004,66.370003
2007-06-06,35.259529,66.410004
2007-06-07,34.076138,65.260002
2007-06-08,34.327164,64.220001
2007-06-11,34.273369,64.699997
2007-06-12,33.556164,64.099998
2007-06-13,34.058212,64.529999
2007-06-14,34.407848,64.599998
2007-06-15,35.044361,64.849998
2007-06-18,34.945755,64.949997
2007-06-19,35.385036,65.480003
2007-06-20,34.685764,64.709999
2007-06-21,35.098156,64.559998
2007-06-22,34.775417,64.779999
2007-06-25,33.932697,64.43
2007-06-26,33.260326,63.619999
2007-06-27,33.529274,63.669998
2007-06-28,33.735465999999995,64.260002
2007-06-29,33.968555,64.269997
2007-07-02,34.820236,65.019997
2007-07-03,34.721626,64.739998
2007-07-05,35.187809,64.41999799999999
2007-07-06,36.335335,64.959999
2007-07-09,36.649109,65.379997
2007-07-10,36.451878,65.610001
2007-07-11,36.451878,65.440002
2007-07-12,37.007706,66.019997
2007-07-13,37.034599,66.029999
2007-07-16,36.810474,65.82
2007-07-17,36.595314,65.75
2007-07-18,38.083515000000006,66.620003
2007-07-19,38.630383,67.010002
2007-07-20,38.585556,67.58000200000001
2007-07-23,38.540741,67.470001
2007-07-24,38.011798999999996,67.470001
2007-07-25,37.402167999999996,66.900002
2007-07-26,36.129139,65.650002
2007-07-27,34.981613,65.410004
2007-07-30,35.949833,65.769997
2007-07-31,35.806393,65.790001
2007-08-01,35.393993,65.93
2007-08-02,35.68985,65.889999
2007-08-03,35.393993,66.690002
2007-08-06,34.730587,66.519997
2007-08-07,34.587151,66.480003
2007-08-08,35.976727000000004,66.769997
2007-08-09,35.3671,65.459999
2007-08-10,35.725708000000004,66.57
2007-08-13,35.080231,66.260002
2007-08-14,34.112,66.290001
2007-08-15,32.677601,66.129997
2007-08-16,30.920446000000002,64.68
2007-08-17,31.574897999999997,65.010002
2007-08-20,32.094864,65.120003
2007-08-21,32.050036999999996,65.07
2007-08-22,33.063095000000004,65.400002
2007-08-23,32.587944,65.309998
2007-08-24,33.287216,66.110001
2007-08-27,32.83897,65.980003
2007-08-28,32.014183,65.589996
2007-08-29,33.134811,66.07
2007-08-30,32.731384000000006,65.800003
2007-08-31,33.753399,66.519997
2007-09-04,34.658871000000005,67.440002
2007-09-05,34.497494,67.559998
2007-09-06,36.711868,68.860001
2007-09-07,36.909096000000005,69.389999
2007-09-10,36.702892,69.620003
2007-09-11,37.698017,70.519997
2007-09-12,37.823528,70.459999
2007-09-13,37.841460999999995,70.08000200000001
2007-09-14,37.805599,69.989998
2007-09-17,37.78767,70.970001
2007-09-18,39.087601,71.699997
2007-09-19,39.473095,71.43
2007-09-20,41.077843,72.720001
2007-09-21,40.773029,72.339996
2007-09-24,40.432358,72.279999
2007-09-25,39.97514,72.33000200000001
2007-09-26,39.311729,72.0
2007-09-27,39.742043,72.699997
2007-09-28,40.656479,73.510002
2007-10-01,41.077843,73.900002
2007-10-02,39.266903000000006,72.349998
2007-10-03,39.069672,71.900002
2007-10-04,39.777905,72.870003
2007-10-05,40.871651,73.400002
2007-10-08,40.002041,72.529999
2007-10-09,41.050945,73.089996
2007-10-10,41.848831,73.360001
2007-10-11,41.956417,73.910004
2007-10-12,42.843959999999996,74.589996
2007-10-15,43.050148,75.139999
2007-10-16,42.395699,75.120003
2007-10-17,41.651604,74.5
2007-10-18,42.494324,76.0
2007-10-19,41.956417,75.699997
2007-10-22,40.817852,74.599998
2007-10-23,41.795052,75.230003
2007-10-24,42.135712,75.519997
2007-10-25,42.539143,76.029999
2007-10-26,43.390827,77.690002
2007-10-29,44.681789,78.120003
2007-10-30,43.767357000000004,77.349998
2007-10-31,45.363132,78.620003
2007-11-01,43.767357000000004,77.93
2007-11-02,45.461746000000005,79.83000200000001
2007-11-05,45.219696,79.75
2007-11-06,46.842369,81.43
2007-11-07,46.196884000000004,82.239998
2007-11-08,46.080338,82.230003
2007-11-09,45.103142,82.18
2007-11-12,41.857803000000004,78.300003
2007-11-13,42.655693,79.120003
2007-11-14,43.659779,80.279999
2007-11-15,41.633671,77.949997
2007-11-16,42.090893,77.75
2007-11-19,40.746136,77.239998
2007-11-20,42.969471,79.470001
2007-11-21,41.974346000000004,79.360001
2007-11-23,43.79425,81.25
2007-11-26,42.18951,81.300003
2007-11-27,41.786087,80.099998
2007-11-28,42.906712,79.57
2007-11-29,42.153648,78.279999
2007-11-30,41.561958000000004,77.32
2007-12-03,41.974346000000004,78.279999
2007-12-04,41.418514,79.400002
2007-12-05,41.167488,78.629997
2007-12-06,41.938484,79.370003
2007-12-07,41.597809000000005,78.599998
2007-12-10,42.440525,80.0
2007-12-11,41.17646,78.839996
2007-12-12,41.866768,80.489998
2007-12-13,40.387531,78.5
2007-12-14,39.724121000000004,78.519997
2007-12-17,38.146275,78.129997
2007-12-18,38.926228,79.25
2007-12-19,38.594521,79.239998
2007-12-20,38.433155,78.66999799999999
2007-12-21,40.342701,80.099998
2007-12-24,40.411072,80.139999
2007-12-26,41.641735,81.519997
2007-12-27,41.368256,81.559998
2007-12-28,42.507748,83.0
2007-12-31,41.778477,82.459999
2008-01-02,44.887028,84.860001
2008-01-03,46.254406,85.57
2008-01-04,45.488673999999996,85.129997
2008-01-07,44.722927,84.769997
2008-01-08,46.309104999999995,86.779999
2008-01-09,46.60994,86.550003
2008-01-10,47.421257000000004,88.25
2008-01-11,47.785889000000005,88.58000200000001
2008-01-14,48.606327,89.540001
2008-01-15,46.682865,87.989998
2008-01-16,44.513268,86.699997
2008-01-17,43.674591,86.5
2008-01-18,44.066573999999996,87.41999799999999
2008-01-22,45.124027000000005,88.16999799999999
2008-01-23,43.929832,87.889999
2008-01-24,45.898891,90.08000200000001
2008-01-25,45.962696,90.300003
2008-01-28,46.682865,91.75
2008-01-29,46.217949,91.150002
2008-01-30,46.537006,92.059998
2008-01-31,45.898891,91.400002
2008-02-01,44.804977,89.349998
2008-02-04,43.893372,89.099998
2008-02-05,42.617146000000005,87.68
2008-02-06,42.75388,88.949997
2008-02-07,42.717415,89.849998
2008-02-08,44.248894,91.0
2008-02-11,44.349182,91.33000200000001
2008-02-12,42.744759,89.33000200000001
2008-02-13,43.537853000000005,89.440002
2008-02-14,43.291729,89.709999
2008-02-15,43.528744,89.150002
2008-02-19,45.215195,91.58000200000001
2008-02-20,46.445847,93.239998
2008-02-21,46.299995,93.25
2008-02-22,46.382042,93.389999
2008-02-25,46.436733000000004,92.739998
2008-02-26,47.430363,93.709999
2008-02-27,48.46048,94.779999
2008-02-28,49.572624,95.989998
2008-02-29,48.424007,96.18
2008-03-03,49.791405,97.239998
2008-03-04,48.086715999999996,95.18
2008-03-05,49.855216999999996,97.720001
2008-03-06,49.937259999999995,96.5
2008-03-07,48.724846,96.089996
2008-03-10,46.874297999999996,95.870003
2008-03-11,48.825115000000004,95.989998
2008-03-12,48.907158,97.010002
2008-03-13,51.094986,98.339996
2008-03-14,51.432274,98.709999
2008-03-17,50.110473999999996,99.16999799999999
2008-03-18,47.758549,96.5
2008-03-19,45.005520000000004,93.040001
2008-03-20,43.556087,89.910004
2008-03-24,42.817684,90.099998
2008-03-25,44.704696999999996,92.730003
2008-03-26,45.488673999999996,93.800003
2008-03-27,44.996407,93.459999
2008-03-28,44.741161,91.879997
2008-03-31,43.483158,90.410004
2008-04-01,42.288963,86.860001
2008-04-02,44.103046,89.269997
2008-04-03,44.248894,89.41999799999999
2008-04-04,44.586193,90.25
2008-04-07,44.804977,91.16999799999999
2008-04-08,44.148621,90.349998
2008-04-09,44.987289000000004,92.290001
2008-04-10,44.695586999999996,91.769997
2008-04-11,43.957176000000004,91.300003
2008-04-14,43.75663,91.110001
2008-04-15,44.759388,91.660004
2008-04-16,46.883415,93.269997
2008-04-17,46.318222,92.559998
2008-04-18,44.941711,90.620003
2008-04-21,44.412991,90.25
2008-04-22,43.875145,90.269997
2008-04-23,42.161339,89.220001
2008-04-24,40.392845,87.220001
2008-04-25,41.322678,87.269997
2008-04-28,40.392845,87.690002
2008-04-29,38.770206,85.809998
2008-04-30,39.745609,86.650002
2008-05-01,38.879593,83.989998
2008-05-02,39.36274,84.58000200000001
2008-05-05,40.201405,86.269997
2008-05-06,41.195049,86.629997
2008-05-07,40.556927,85.82
2008-05-08,42.006374,87.239998
2008-05-09,41.896984,87.41999799999999
2008-05-12,41.915211,86.989998
2008-05-13,41.3409,85.389999
2008-05-14,40.730140999999996,85.199997
2008-05-15,42.124878,87.0
2008-05-16,43.136749,89.099998
2008-05-19,43.355534000000006,89.389999
2008-05-20,44.412991,90.900002
2008-05-21,44.394756,91.959999
2008-05-22,43.920719,90.980003
2008-05-23,43.528744,91.230003
2008-05-27,42.334540999999994,89.360001
2008-05-28,42.808575,89.139999
2008-05-29,41.249744,86.510002
2008-05-30,41.951675,87.449997
2008-06-02,42.307194,87.959999
2008-06-03,41.432068,86.879997
2008-06-04,40.730140999999996,86.650002
2008-06-05,41.742008,86.449997
2008-06-06,42.562447,89.059998
2008-06-09,42.525985999999996,87.989998
2008-06-10,40.301682,85.550003
2008-06-11,40.210533,87.019997
2008-06-12,39.36274,85.599998
2008-06-13,39.335384000000005,85.83000200000001
2008-06-16,39.791191,87.010002
2008-06-17,40.146713,87.25
2008-06-18,40.365494,88.279999
2008-06-19,40.155834000000006,88.41999799999999
2008-06-20,39.964394,88.949997
2008-06-23,40.365494,87.089996
2008-06-24,40.164951,87.470001
2008-06-25,40.000858,87.41999799999999
2008-06-26,42.316315,90.610001
2008-06-27,44.020996000000004,91.470001
2008-06-30,44.294478999999995,91.400002
2008-07-01,45.151371000000005,92.660004
2008-07-02,43.884258,93.16999799999999
2008-07-03,42.908848,92.059998
2008-07-07,42.161339,91.230003
2008-07-08,41.52322,90.860001
2008-07-09,41.350029,91.5
2008-07-10,42.544209,93.529999
2008-07-11,44.40387,95.160004
2008-07-14,46.34557,95.910004
2008-07-15,45.215195,96.16999799999999
2008-07-16,44.276249,94.440002
2008-07-17,43.346409,94.220001
2008-07-18,43.346409,94.16999799999999
2008-07-21,44.385639000000005,95.120003
2008-07-22,42.845036,93.059998
2008-07-23,40.629864000000005,90.57
2008-07-24,40.119362,91.33000200000001
2008-07-25,40.34726,91.690002
2008-07-28,40.666321,91.730003
2008-07-29,39.809414000000004,90.589996
2008-07-30,39.371853,89.519997
2008-07-31,39.636219,90.08000200000001
2008-08-01,38.651699,89.57
2008-08-04,37.238724,88.139999
2008-08-05,35.178513,86.08000200000001
2008-08-06,35.743706,86.639999
2008-08-07,35.47934,86.089996
2008-08-08,33.090953999999996,84.43
2008-08-11,31.386271,81.129997
2008-08-12,32.243171999999994,80.519997
2008-08-13,34.230453000000004,81.559998
2008-08-14,32.698966999999996,79.349998
2008-08-15,31.413624,77.629997
2008-08-18,32.006157,78.800003
2008-08-19,32.945099,80.43
2008-08-20,32.981559999999995,80.059998
2008-08-21,34.914146,82.300003
2008-08-22,34.175758,81.08000200000001
2008-08-25,33.774651,80.93
2008-08-26,33.747310999999996,81.230003
2008-08-27,34.458346999999996,81.360001
2008-08-28,34.567745,82.18
2008-08-29,34.312492,81.709999
2008-09-02,32.133781,79.199997
2008-09-03,30.602299,78.889999
2008-09-04,29.335178000000003,78.389999
2008-09-05,29.763626000000002,78.980003
2008-09-08,28.2048,78.860001
2008-09-09,25.615866,76.489998
2008-09-10,26.509228000000004,74.220001
2008-09-11,25.707027,73.08000200000001
2008-09-12,28.487396,75.550003
2008-09-15,27.648721999999996,77.559998
2008-09-16,27.849276,76.790001
2008-09-17,31.085440000000002,85.459999
2008-09-18,31.1766,82.800003
2008-09-19,32.0882,85.980003
2008-09-22,34.722713,89.18
2008-09-23,33.893162,88.32
2008-09-24,34.084587,86.709999
2008-09-25,33.182117,86.449997
2008-09-26,32.66251,86.639999
2008-09-29,30.994287,89.57
2008-09-30,30.802846999999996,85.07
2008-10-01,30.784615000000002,85.970001
2008-10-02,26.390718,82.33000200000001
2008-10-03,26.481882000000002,82.589996
2008-10-06,25.433542000000003,84.279999
2008-10-07,24.959518,87.269997
2008-10-08,28.496510999999998,89.41999799999999
2008-10-09,27.575796,89.900002
2008-10-10,24.011454,83.220001
2008-10-13,24.430785999999998,81.989998
2008-10-14,24.968629999999997,82.199997
2008-10-15,22.206495,83.309998
2008-10-16,20.237446,79.290001
2008-10-17,19.772528,77.209999
2008-10-20,22.051523,78.5
2008-10-21,19.954847,76.029999
2008-10-22,16.855417000000003,71.709999
2008-10-23,15.870897,70.650002
2008-10-24,16.226418,72.209999
2008-10-27,14.922839000000002,72.18
2008-10-28,17.037741,73.790001
2008-10-29,19.015903,74.0
2008-10-30,19.781651,72.709999
2008-10-31,19.097946,71.339996
2008-11-03,19.152647,71.099998
2008-11-04,21.787160999999998,75.480003
2008-11-05,21.422518,72.800003
2008-11-06,19.991314000000003,72.220001
2008-11-07,19.827229,72.5
2008-11-10,21.103458,73.58000200000001
2008-11-11,19.72695,72.050003
2008-11-12,17.684971,70.0
2008-11-13,19.745182,72.150002
2008-11-14,18.733309,73.300003
2008-11-17,17.921991000000002,72.650002
2008-11-18,17.830828,72.510002
2008-11-19,16.964817,72.260002
2008-11-20,16.591059,73.449997
2008-11-21,20.994068,78.849998
2008-11-24,22.452623000000003,80.910004
2008-11-25,23.418915,80.870003
2008-11-26,23.801786,80.379997
2008-11-28,24.221117,80.309998
2008-12-01,20.510920000000002,75.650002
2008-12-02,22.507317999999998,76.949997
2008-12-03,21.933014,76.18
2008-12-04,21.34959,75.5
2008-12-05,21.176388,74.519997
2008-12-08,23.02693,76.199997
2008-12-09,23.163671,76.33000200000001
2008-12-10,25.643210999999997,79.75
2008-12-11,25.542935999999997,80.650002
2008-12-12,26.135471,80.809998
2008-12-15,27.657840999999998,82.599998
2008-12-16,29.481033,84.459999
2008-12-17,29.271368,85.43
2008-12-18,27.202044,83.870003
2008-12-19,27.876623,82.629997
2008-12-22,27.192926,83.459999
2008-12-23,28.022479999999998,82.629997
2008-12-24,27.885738,83.459999
2008-12-26,29.398989,85.599998
2008-12-29,30.110031,86.349998
2008-12-30,30.082689000000002,85.900002
2008-12-31,30.884890000000002,86.519997
2009-01-02,30.374395,86.230003
2009-01-05,28.934074,84.480003
2009-01-06,29.727166999999998,85.129997
2009-01-07,27.393478,82.75
2009-01-08,28.97966,84.459999
2009-01-09,28.542088,83.91999799999999
2009-01-12,26.390718,80.760002
2009-01-13,26.91033,80.879997
2009-01-14,25.707027,79.790001
2009-01-15,26.554808,80.389999
2009-01-16,28.195684000000004,82.709999
2009-01-20,28.150101,84.519997
2009-01-21,28.852032,84.150002
2009-01-22,28.678825,84.58000200000001
2009-01-23,31.121902000000002,88.529999
2009-01-26,30.966938,88.949997
2009-01-27,30.511139,88.379997
2009-01-28,29.836555,87.41999799999999
2009-01-29,31.358925,89.5
2009-01-30,31.203953000000002,91.309998
2009-02-02,29.991533,88.839996
2009-02-03,30.410856,88.470001
2009-02-04,31.048983000000003,89.18
2009-02-05,31.632402000000003,90.120003
2009-02-06,32.28875,89.589996
2009-02-09,31.331573,88.32
2009-02-10,30.994287,90.209999
2009-02-11,33.118309,92.290001
2009-02-12,33.255047,93.16999799999999
2009-02-13,32.525771999999996,92.550003
2009-02-17,33.729073,95.449997
2009-02-18,34.066359999999996,96.910004
2009-02-19,32.489304,95.769997
2009-02-20,33.75642,97.800003
2009-02-23,33.245934000000005,97.730003
2009-02-24,30.538483000000003,94.730003
2009-02-25,29.991533,93.150002
2009-02-26,30.538483000000003,93.059998
2009-02-27,30.410856,92.629997
2009-03-02,28.341537,90.93
2009-03-03,28.879381,90.040001
2009-03-04,28.624129999999997,88.989998
2009-03-05,30.100921999999997,91.989998
2009-03-06,29.973295,92.290001
2009-03-09,28.76087,90.57
2009-03-10,27.047068,88.139999
2009-03-11,28.569437,89.220001
2009-03-12,29.790974,91.099998
2009-03-13,30.155619,91.300003
2009-03-16,29.681589000000002,90.800003
2009-03-17,29.034353000000003,90.040001
2009-03-18,31.969690000000003,93.089996
2009-03-19,34.148403,94.349998
2009-03-20,34.230453000000004,93.589996
2009-03-23,34.376305,92.08000200000001
2009-03-24,33.601452,90.949997
2009-03-25,35.06913,91.980003
2009-03-26,35.160278000000005,91.93
2009-03-27,33.729073,90.690002
2009-03-30,33.182117,89.980003
2009-03-31,33.619686,90.279999
2009-04-01,35.187626,91.029999
2009-04-02,33.820240000000005,88.800003
2009-04-03,31.787367,87.589996
2009-04-06,30.265010999999998,85.269997
2009-04-07,30.474671999999998,86.739998
2009-04-08,30.565832,86.610001
2009-04-09,30.119153999999998,86.309998
2009-04-13,30.784615000000002,87.879997
2009-04-14,30.711687,87.370003
2009-04-15,30.894014000000002,87.5
2009-04-16,29.426334000000004,85.809998
2009-04-17,28.232143,85.220001
2009-04-20,29.344292,86.949997
2009-04-21,28.624129999999997,86.889999
2009-04-22,28.806452,87.379997
2009-04-23,29.845678000000003,88.800003
2009-04-24,31.586821,89.720001
2009-04-27,31.331573,89.010002
2009-04-28,30.182968,87.75
2009-04-29,30.894014000000002,88.33000200000001
2009-04-30,30.000639000000003,87.269997
2009-05-01,30.119153999999998,86.949997
2009-05-04,31.933228999999997,88.639999
2009-05-05,31.705323999999997,88.25
2009-05-06,33.601452,89.540001
2009-05-07,33.318855,89.440002
2009-05-08,34.148403,89.980003
2009-05-11,34.011665,89.690002
2009-05-12,35.5158,90.699997
2009-05-13,34.585972,91.089996
2009-05-14,34.686249,91.029999
2009-05-15,34.321613,91.550003
2009-05-18,34.175758,90.360001
2009-05-19,35.032654,90.959999
2009-05-20,36.892315,92.25
2009-05-21,37.594242,93.849998
2009-05-22,38.332634000000006,94.150002
2009-05-26,38.141197,93.760002
2009-05-27,37.576012,93.449997
2009-05-28,39.207767,94.239998
2009-05-29,40.256104,96.199997
2009-06-01,39.572407,95.730003
2009-06-02,40.611622,96.360001
2009-06-03,38.432907,94.410004
2009-06-04,39.663567,96.230003
2009-06-05,37.676285,93.709999
2009-06-08,37.648941,93.559998
2009-06-09,37.457508000000004,93.83000200000001
2009-06-10,37.193142,93.860001
2009-06-11,37.302532,93.699997
2009-06-12,36.044529,92.16999799999999
2009-06-15,34.613319,91.099998
2009-06-16,34.977962,91.93
2009-06-17,34.850334000000004,92.349998
2009-06-18,33.911392,91.610001
2009-06-19,34.996193,91.900002
2009-06-22,32.580467,90.540001
2009-06-23,34.029903000000004,90.91999799999999
2009-06-24,35.087348999999996,91.449997
2009-06-25,36.45475,92.309998
2009-06-26,35.734589,92.290001
2009-06-29,35.689007000000004,92.040001
2009-06-30,34.467471999999994,91.18
2009-07-01,35.926014,92.389999
2009-07-02,34.923266999999996,91.25
2009-07-06,33.674374,90.760002
2009-07-07,33.282394000000004,90.709999
2009-07-08,32.079082,89.269997
2009-07-09,32.18848,89.510002
2009-07-10,32.033508000000005,89.58000200000001
2009-07-13,32.753665999999996,90.190002
2009-07-14,33.510284000000006,90.809998
2009-07-15,34.905037,92.239998
2009-07-16,34.941505,91.980003
2009-07-17,35.224087,91.93
2009-07-20,36.673534000000004,93.279999
2009-07-21,36.226845000000004,93.129997
2009-07-22,36.254191999999996,93.440002
2009-07-23,36.427399,93.260002
2009-07-24,36.372710999999995,93.410004
2009-07-27,36.327121999999996,93.709999
2009-07-28,34.959732,92.110001
2009-07-29,33.893162,91.199997
2009-07-30,34.786522,91.620003
2009-07-31,36.254191999999996,93.349998
2009-08-03,37.165797999999995,93.870003
2009-08-04,37.448391,94.68
2009-08-05,37.329884,94.779999
2009-08-06,37.238724,94.599998
2009-08-07,36.445633,93.75
2009-08-10,35.643425,92.93
2009-08-11,35.032654,92.790001
2009-08-12,35.360836,92.949997
2009-08-13,36.354473,93.720001
2009-08-14,35.743706,93.0
2009-08-17,34.002544,91.610001
2009-08-18,34.52216,92.059998
2009-08-19,34.859455,92.529999
2009-08-20,35.196743,92.269997
2009-08-21,35.825745,93.650002
2009-08-24,35.451996,92.339996
2009-08-25,35.771049,92.760002
2009-08-26,35.388172,92.790001
2009-08-27,36.071873,93.190002
2009-08-28,36.627956,93.870003
2009-08-31,36.017178,93.400002
2009-09-01,35.360836,93.900002
2009-09-02,38.724621,96.190002
2009-09-03,40.702793,97.459999
2009-09-04,41.040077000000004,97.529999
2009-09-08,41.122124,97.43
2009-09-09,40.219635,97.08000200000001
2009-09-10,41.514111,97.699997
2009-09-11,42.015491,98.779999
2009-09-14,41.377369,97.959999
2009-09-15,42.708298,98.900002
2009-09-16,43.75663,99.910004
2009-09-17,43.556087,99.339996
2009-09-18,41.860512,98.66999799999999
2009-09-21,41.158584999999995,98.360001
2009-09-22,42.170456,99.66999799999999
2009-09-23,40.875992,98.83000200000001
2009-09-24,39.87323,97.550003
2009-09-25,39.262463000000004,97.0
2009-09-28,39.235115,97.050003
2009-09-29,40.529575,97.43
2009-09-30,41.286213000000004,98.849998
2009-10-01,39.253353000000004,97.889999
2009-10-02,38.97987,98.370003
2009-10-05,40.620746999999994,99.82
2009-10-06,43.392002000000005,102.279999
2009-10-07,43.665482,102.360001
2009-10-08,44.385639000000005,103.639999
2009-10-09,44.020996000000004,102.839996
2009-10-12,44.011875,103.559998
2009-10-13,44.841438000000004,104.260002
2009-10-14,44.786739000000004,104.18
2009-10-15,43.902485,102.860001
2009-10-16,44.103046,103.18
2009-10-19,44.239784,104.230003
2009-10-20,43.300835,103.41999799999999
2009-10-21,43.200565000000005,103.75
2009-10-22,42.835918,103.91999799999999
2009-10-23,42.562447,103.489998
2009-10-26,40.739246,101.860001
2009-10-27,40.5387,101.849998
2009-10-28,38.168549,100.730003
2009-10-29,39.927933,102.690002
2009-10-30,38.624344,102.529999
2009-11-02,39.089264,103.949997
2009-11-03,42.09753,106.459999
2009-11-04,42.416592,107.099998
2009-11-05,42.589797999999995,106.980003
2009-11-06,43.410225,107.43
2009-11-09,44.923481,108.190002
2009-11-10,45.269882,108.389999
2009-11-11,45.488673999999996,109.599998
2009-11-12,44.157738,108.209999
2009-11-13,45.379284000000006,109.739998
2009-11-16,46.801373,111.629997
2009-11-17,46.974575,111.970001
2009-11-18,46.482310999999996,112.25
2009-11-19,46.582584000000004,112.300003
2009-11-20,46.327343,112.940002
2009-11-23,47.111317,114.290001
2009-11-24,46.901641999999995,114.730003
2009-11-25,48.159645000000005,116.620003
2009-11-27,46.327343,115.059998
2009-11-30,46.591705,115.639999
2009-12-01,48.934505,117.379997
2009-12-02,49.937259999999995,119.18
2009-12-03,48.797768,118.699997
2009-12-04,46.208836,113.75
2009-12-07,45.361046,113.110001
2009-12-08,43.528744,110.949997
2009-12-09,44.476803000000004,110.839996
2009-12-10,44.431213,110.82
2009-12-11,43.592552000000005,109.32
2009-12-14,44.185093,110.239998
2009-12-15,43.282604,110.209999
2009-12-16,43.948071,111.589996
2009-12-17,41.20417,107.339996
2009-12-18,42.197815000000006,108.949997
2009-12-21,41.395599,106.949997
2009-12-22,41.486759,106.16999799999999
2009-12-23,42.885826,106.550003
2009-12-24,42.913246,108.360001
2009-12-28,42.830994,108.550003
2009-12-29,42.428917,107.470001
2009-12-30,41.917171,106.93
2009-12-31,42.227866999999996,107.309998
2010-01-04,43.598606,109.800003
2010-01-05,44.018966999999996,109.699997
2010-01-06,45.088146,111.510002
2010-01-07,44.86882,110.82
2010-01-08,45.545059,111.370003
2010-01-11,45.846619,112.849998
2010-01-12,44.183468,110.489998
2010-01-13,44.649513,111.540001
2010-01-14,44.411910999999996,112.029999
2010-01-15,43.333599,110.860001
2010-01-19,43.580334,111.519997
2010-01-20,41.789238,108.940002
2010-01-21,39.979858,107.370003
2010-01-22,40.016411,107.16999799999999
2010-01-25,39.468117,107.480003
2010-01-26,39.413288,107.559998
2010-01-27,39.084312,106.529999
2010-01-28,38.536018,106.480003
2010-01-29,37.210972,105.959999
2010-02-01,39.239662,108.349998
2010-02-02,39.294498,109.129997
2010-02-03,38.90155,108.699997
2010-02-04,36.772339,104.370003
2010-02-05,38.755328999999996,104.68
2010-02-08,37.265797,104.040001
2010-02-09,38.90155,105.410004
2010-02-10,38.700503999999995,105.120003
2010-02-11,40.199181,107.129997
2010-02-12,40.153492,107.040001
2010-02-16,41.039902000000005,109.620003
2010-02-17,40.857132,109.25
2010-02-18,41.176978999999996,109.980003
2010-02-19,40.729202,109.470001
2010-02-22,40.290565,109.07
2010-02-23,38.837582,107.889999
2010-02-24,38.609123,107.360001
2010-02-25,39.705711,108.309998
2010-02-26,40.1078,109.43
2010-03-01,40.793163,109.43
2010-03-02,41.588196,111.019997
2010-03-03,42.364944,111.629997
2010-03-04,41.652164,110.83000200000001
2010-03-05,42.428917,110.809998
2010-03-08,41.990284,109.879997
2010-03-09,41.652164,109.720001
2010-03-10,41.08559,108.470001
2010-03-11,41.414574,108.599998
2010-03-12,41.113007,107.949997
2010-03-15,41.067314,108.360001
2010-03-16,42.145626,110.400002
2010-03-17,42.282711,109.589996
2010-03-18,42.008559999999996,110.339996
2010-03-19,41.405434,108.279999
2010-03-22,41.250084,107.75
2010-03-23,41.378017,108.32
2010-03-24,39.751408000000005,106.300003
2010-03-25,39.21225,106.779999
2010-03-26,39.94331,108.589996
2010-03-29,40.509876,108.75
2010-03-30,40.080379,107.970001
2010-03-31,40.582981,108.949997
2010-04-01,42.401489,110.260002
2010-04-05,42.85841,110.889999
2010-04-06,42.776161,111.029999
2010-04-07,44.028107,112.489998
2010-04-08,44.037239,112.650002
2010-04-09,44.485015999999995,113.639999
2010-04-12,43.991554,113.010002
2010-04-13,43.635166,112.690002
2010-04-14,43.945862,113.029999
2010-04-15,43.470669,113.650002
2010-04-16,42.629967,111.239998
2010-04-19,42.57513,111.150002
2010-04-20,42.456333,111.459999
2010-04-21,42.931519,112.309998
2010-04-22,43.278782,111.839996
2010-04-23,44.055523,113.190002
2010-04-26,43.982418,112.75
2010-04-27,44.119492,114.629997
2010-04-28,45.417126,114.309998
2010-04-29,45.97456,114.279999
2010-04-30,46.157322,115.360001
2010-05-03,45.581612,115.730003
2010-05-04,45.380573,114.870003
2010-05-05,44.996769,115.089996
2010-05-06,45.636444,118.489998
2010-05-07,44.896252000000004,118.269997
2010-05-10,45.819206,117.57
2010-05-11,48.981037,120.660004
2010-05-12,48.825691,121.400002
2010-05-13,48.122046999999995,120.559998
2010-05-14,48.569813,120.370003
2010-05-17,47.40012,119.360001
2010-05-18,47.052879,119.489998
2010-05-19,45.188663,116.629997
2010-05-20,42.99548,115.839996
2010-05-21,43.141693,115.220001
2010-05-24,43.534645000000005,116.839996
2010-05-25,44.722614,117.360001
2010-05-26,44.768307,118.470001
2010-05-27,45.855759,118.690002
2010-05-28,45.563339,118.879997
2010-06-01,45.517651,119.910004
2010-06-02,46.303528,119.779999
2010-06-03,45.535923,117.959999
2010-06-04,44.603825,119.190002
2010-06-07,45.864895000000004,121.489998
2010-06-08,46.349228000000004,121.0
2010-06-09,45.874039,120.559998
2010-06-10,46.294399,118.970001
2010-06-11,46.413193,120.010002
2010-06-14,45.599895000000004,119.599998
2010-06-15,46.760452,120.989998
2010-06-16,47.208225,120.33000200000001
2010-06-17,48.396187,121.900002
2010-06-18,49.401405,122.83000200000001
2010-06-21,47.994118,120.389999
2010-06-22,47.646858,121.449997
2010-06-23,47.930141,120.949997
2010-06-24,47.683411,121.300003
2010-06-25,49.236916,122.760002
2010-06-28,48.798275,121.089996
2010-06-29,47.500645,121.269997
2010-06-30,47.482361,121.68
2010-07-01,45.344017,117.040001
2010-07-02,45.307468,118.489998
2010-07-06,44.695198,116.510002
2010-07-07,45.682128999999996,117.730003
2010-07-08,45.124695,117.209999
2010-07-09,46.129906,118.360001
2010-07-12,45.82835,117.339996
2010-07-13,46.047657,118.360001
2010-07-14,45.928864000000004,118.300003
2010-07-15,45.846619,118.230003
2010-07-16,44.357085999999995,116.66999799999999
2010-07-19,43.43412,115.730003
2010-07-20,44.36623,116.650002
2010-07-21,44.028107,115.849998
2010-07-22,44.92366,116.860001
2010-07-23,44.969349,116.089996
2010-07-26,44.676926,115.519997
2010-07-27,43.03204,113.510002
2010-07-28,43.306187,113.779999
2010-07-29,43.571197999999995,114.290001
2010-07-30,44.064655,115.489998
2010-08-02,43.909309,115.540001
2010-08-03,44.156044,115.989998
2010-08-04,45.344017,116.720001
2010-08-05,45.407982000000004,116.980003
2010-08-06,45.846619,117.839996
2010-08-09,45.864895000000004,117.400002
2010-08-10,46.029377000000004,117.730003
2010-08-11,44.850552,117.339996
2010-08-12,45.97456,118.769997
2010-08-13,45.453686,118.739998
2010-08-16,46.340088,119.730003
2010-08-17,46.870106,119.75
2010-08-18,47.637722,120.220001
2010-08-19,47.272182,120.389999
2010-08-20,46.860966,119.970001
2010-08-23,46.513714,119.779999
2010-08-24,45.965424,120.360001
2010-08-25,47.518925,121.360001
2010-08-26,48.186012,120.959999
2010-08-27,48.743454,121.010002
2010-08-30,48.542404,120.910004
2010-08-31,48.990185,122.08000200000001
2010-09-01,48.295677000000005,121.690002
2010-09-02,48.953629,122.290001
2010-09-03,49.06329,121.860001
2010-09-07,49.30088,122.699997
2010-09-08,49.04501,122.709999
2010-09-09,48.112907,121.559998
2010-09-10,48.469307,121.730003
2010-09-13,48.432743,121.620003
2010-09-14,50.150742,124.019997
2010-09-15,49.894863,123.940002
2010-09-16,50.589375,124.629997
2010-09-17,50.059360999999996,124.540001
2010-09-20,50.571098,124.870003
2010-09-21,50.872662,126.010002
2010-09-22,51.512341,126.199997
2010-09-23,50.954903,126.300003
2010-09-24,50.872662,126.690002
2010-09-27,50.571098,126.720001
2010-09-28,51.777347999999996,127.849998
2010-09-29,51.640278,127.949997
2010-09-30,51.110264,127.910004
2010-10-01,51.722522999999995,128.91000400000001
2010-10-04,50.763003999999995,128.46000700000002
2010-10-05,52.325649,130.990005
2010-10-06,53.111526,131.809998
2010-10-07,51.704239,130.369995
2010-10-08,52.362198,131.66000400000001
2010-10-11,52.462723,132.28999299999998
2010-10-12,52.243393,131.96000700000002
2010-10-13,53.541035,134.070007
2010-10-14,53.175499,134.75
2010-10-15,52.462723,133.679993
2010-10-18,52.215984000000006,134.279999
2010-10-19,49.830898,130.110001
2010-10-20,50.680756,131.320007
2010-10-21,49.602444,129.470001
2010-10-22,50.159882,129.729996
2010-10-25,50.936626000000004,130.850006
2010-10-26,50.982319,130.880005
2010-10-27,49.967976,129.520004
2010-10-28,51.503197,131.240005
2010-10-29,52.362198,132.619995
2010-11-01,52.298221999999996,131.919998
2010-11-02,52.700309999999995,132.490005
2010-11-03,52.298221999999996,131.570007
2010-11-04,54.820389,136.029999
2010-11-05,54.911766,136.380005
2010-11-08,56.446994999999994,137.779999
2010-11-09,54.527962,135.58999599999999
2010-11-10,56.044918,137.240005
2010-11-11,56.456127,137.66000400000001
2010-11-12,54.893494,133.690002
2010-11-15,54.345195999999994,132.419998
2010-11-16,52.691177,130.970001
2010-11-17,53.038425,130.380005
2010-11-18,53.943115,132.08999599999999
2010-11-19,54.171577,132.199997
2010-11-22,54.856937,133.479996
2010-11-23,54.482273,134.41000400000001
2010-11-24,54.527962,134.179993
2010-11-26,53.559311,133.110001
2010-11-29,53.796902,133.509995
2010-11-30,54.37260799999999,135.419998
2010-12-01,55.0854,135.380005
2010-12-02,55.907841000000005,135.199997
2010-12-03,57.305988,138.070007
2010-12-06,58.302063000000004,139.110001
2010-12-07,57.004433,136.5
2010-12-08,55.926109,134.78999299999998
2010-12-09,56.136295,135.369995
2010-12-10,56.346478000000005,135.41000400000001
2010-12-13,56.85821899999999,136.050003
2010-12-14,56.775974,136.179993
2010-12-15,55.734215,134.699997
2010-12-16,54.98487900000001,133.809998
2010-12-17,55.231606000000006,134.199997
2010-12-20,55.350407,135.110001
2010-12-21,55.33213000000001,135.320007
2010-12-22,54.683315,135.050003
2010-12-23,55.098228000000006,134.66000400000001
2010-12-27,54.776230000000005,135.020004
2010-12-28,56.202217000000005,137.220001
2010-12-29,56.404617,137.71000700000002
2010-12-30,56.009021999999995,137.029999
2010-12-31,56.551823,138.720001
2011-01-03,55.907825,138.0
2011-01-04,54.297836,134.75
2011-01-05,53.561843999999994,134.369995
2011-01-06,52.200264000000004,133.830002
2011-01-07,52.200264000000004,133.580002
2011-01-10,52.338253,134.119995
2011-01-11,53.396252000000004,134.91000400000001
2011-01-12,53.267448,135.46000700000002
2011-01-13,51.565464,134.050003
2011-01-14,50.489079,132.690002
2011-01-18,51.344669,133.429993
2011-01-19,51.031872,133.720001
2011-01-20,50.268276,131.199997
2011-01-21,49.624283,131.029999
2011-01-24,49.15509,130.360001
2011-01-25,48.869888,130.100006
2011-01-26,50.691475,131.16000400000001
2011-01-27,49.431090999999995,127.93
2011-01-28,49.863483,130.279999
2011-01-31,49.605881,129.869995
2011-02-01,51.004272,130.800003
2011-02-02,50.627068,130.449997
2011-02-03,51.997864,132.199997
2011-02-04,51.620670000000004,131.66000400000001
2011-02-07,51.629868,131.679993
2011-02-08,52.761463,133.139999
2011-02-09,51.942661,133.070007
2011-02-10,51.455073999999996,132.850006
2011-02-11,51.271072,132.320007
2011-02-14,51.942661,132.949997
2011-02-15,52.908649,133.970001
2011-02-16,53.12025500000001,134.100006
2011-02-17,53.773444999999995,135.03999299999998
2011-02-18,54.261036,135.41000400000001
2011-02-22,53.755047,136.28999299999998
2011-02-23,54.840626,137.509995
2011-02-24,53.12025500000001,136.479996
2011-02-25,54.23344,137.380005
2011-02-28,55.043037,137.66000400000001
2011-03-01,55.935425,140.029999
2011-03-02,55.926224,139.919998
2011-03-03,55.079826000000004,138.08999599999999
2011-03-04,55.567429000000004,139.350006
2011-03-07,55.153427,139.720001
2011-03-08,54.656631000000004,139.360001
2011-03-09,54.224239000000004,139.41000400000001
2011-03-10,52.283062,137.770004
2011-03-11,53.193851,138.220001
2011-03-14,53.18465,138.860001
2011-03-15,51.961063,136.270004
2011-03-16,50.820278,136.240005
2011-03-17,51.261864,136.970001
2011-03-18,52.126663,138.369995
2011-03-21,53.37785,139.139999
2011-03-22,53.515845999999996,139.050003
2011-03-23,55.457027000000004,140.33999599999999
2011-03-24,55.190231000000004,139.220001
2011-03-25,54.757828,139.259995
2011-03-28,53.801037,138.53999299999998
2011-03-29,53.856246999999996,138.21000700000002
2011-03-30,54.86822900000001,138.669998
2011-03-31,55.291431,139.860001
2011-04-01,54.987839,139.199997
2011-04-04,54.969429000000005,139.83999599999999
2011-04-05,57.692593,142.050003
2011-04-06,57.747799,142.380005
2011-04-07,57.508602,142.509995
2011-04-08,58.833397,143.66000400000001
2011-04-11,57.131409,142.639999
2011-04-12,56.220627,141.610001
2011-04-13,55.990616,141.899994
2011-04-14,56.708214,143.809998
2011-04-15,56.524216,145.050003
2011-04-18,55.96301999999999,145.929993
2011-04-19,56.708214,145.929993
2011-04-20,57.131409,146.5
2011-04-21,57.619006999999996,146.740005
2011-04-25,56.34021800000001,146.869995
2011-04-26,55.401829000000006,146.380005
2011-04-27,56.680614,149.199997
2011-04-28,56.377014,149.820007
2011-04-29,57.223408,152.369995
2011-05-02,55.309822,150.41000400000001
2011-05-03,53.561843999999994,149.880005
2011-05-04,53.672249,147.729996
2011-05-05,51.620670000000004,143.470001
2011-05-06,51.602268,145.300003
2011-05-09,52.632652,147.380005
2011-05-10,52.218655,147.899994
2011-05-11,50.516678000000006,146.53999299999998
2011-05-12,50.277485,146.58999599999999
2011-05-13,49.872677,145.630005
2011-05-16,50.111877,145.369995
2011-05-17,50.608669,144.740005
2011-05-18,50.958275,145.600006
2011-05-19,51.151466,145.649994
2011-05-20,51.298668,147.490005
2011-05-23,50.912273,147.830002
2011-05-24,52.080666,148.58999599999999
2011-05-25,52.513054000000004,148.580002
2011-05-26,52.531448,148.220001
2011-05-27,53.285851,149.699997
2011-05-31,53.49745600000001,149.639999
2011-06-01,52.503859999999996,149.91000400000001
2011-06-02,52.080666,149.5
2011-06-03,51.970268,150.220001
2011-06-06,50.433887,150.479996
2011-06-07,50.295879,150.419998
2011-06-08,49.15509,149.809998
2011-06-09,50.019882,150.559998
2011-06-10,49.127495,149.240005
2011-06-13,48.317902000000004,147.770004
2011-06-14,49.118294,148.669998
2011-06-15,48.814705,149.119995
2011-06-16,47.637108000000005,148.970001
2011-06-17,47.811909,149.940002
2011-06-20,48.0695,150.029999
2011-06-21,49.688686,150.759995
2011-06-22,50.286678,150.990005
2011-06-23,49.688686,148.33999599999999
2011-06-24,48.3731,146.259995
2011-06-27,48.317902000000004,145.729996
2011-06-28,48.906693,146.240005
2011-06-29,50.019882,147.179993
2011-06-30,50.222286,146.0
2011-07-01,49.440292,144.929993
2011-07-05,50.985874,147.630005
2011-07-06,51.639069,148.91000400000001
2011-07-07,51.749462,149.149994
2011-07-08,51.786266,150.25
2011-07-11,51.169861,151.58999599999999
2011-07-12,52.77985,152.770004
2011-07-13,54.527836,154.139999
2011-07-14,54.077034,154.53999299999998
2011-07-15,54.94183,155.199997
2011-07-18,55.733025,156.570007
2011-07-19,54.905037,154.66000400000001
2011-07-20,55.52141999999999,156.020004
2011-07-21,55.245426,154.830002
2011-07-22,55.898621,156.119995
2011-07-25,55.457027000000004,157.33999599999999
2011-07-26,55.466225,157.770004
2011-07-27,53.801037,157.190002
2011-07-28,53.479046,157.320007
2011-07-29,52.338253,158.28999299999998
2011-08-01,52.770649,157.720001
2011-08-02,53.773444999999995,161.520004
2011-08-03,54.463436,161.490005
2011-08-04,51.427475,160.639999
2011-08-05,50.985874,161.75
2011-08-08,51.004272,167.119995
2011-08-09,53.08345,168.610001
2011-08-10,54.555431000000006,174.580002
2011-08-11,55.061431999999996,170.75
2011-08-12,54.48184200000001,169.970001
2011-08-15,56.02741999999999,171.800003
2011-08-16,55.457027000000004,173.919998
2011-08-17,55.880226,174.419998
2011-08-18,54.978634,177.720001
2011-08-19,56.358608,179.949997
2011-08-22,58.603396999999994,184.58999599999999
2011-08-23,56.570221,177.669998
2011-08-24,55.162636,171.649994
2011-08-25,56.183823,172.360001
2011-08-26,57.481007,177.470001
2011-08-29,56.993412,173.889999
2011-08-30,57.959404000000006,179.100006
2011-08-31,57.775402,177.720001
2011-09-01,58.309002,177.869995
2011-09-02,59.716587,183.240005
2011-09-06,60.112175,182.899994
2011-09-07,60.194973,177.080002
2011-09-08,61.298965,181.809998
2011-09-09,60.53538100000001,180.699997
2011-09-12,58.787388,176.669998
2011-09-13,59.23819,178.53999299999998
2011-09-14,58.115798999999996,177.21000700000002
2011-09-15,57.775402,174.399994
2011-09-16,58.980582999999996,176.029999
2011-09-19,58.40099300000001,173.309998
2011-09-20,60.37897099999999,175.779999
2011-09-21,59.136990000000004,173.58999599999999
2011-09-22,54.555431000000006,169.050003
2011-09-23,51.896667,159.800003
2011-09-26,52.752258,157.580002
2011-09-27,52.503859999999996,160.630005
2011-09-28,50.176277,156.220001
2011-09-29,50.627068,157.699997
2011-09-30,50.774277000000005,158.059998
2011-10-03,50.093483,160.96000700000002
2011-10-04,48.299503,157.639999
2011-10-05,50.498276000000004,159.46000700000002
2011-10-06,51.767868,160.490005
2011-10-07,50.489079,159.179993
2011-10-10,52.292266999999995,163.270004
2011-10-11,52.356654999999996,162.100006
2011-10-12,52.798248,163.259995
2011-10-13,51.777058000000004,162.300003
2011-10-14,53.322646999999996,163.399994
2011-10-17,52.062263,162.619995
2011-10-18,52.411858,161.83999599999999
2011-10-19,49.265491,159.869995
2011-10-20,48.879089,157.770004
2011-10-21,49.661087,159.520004
2011-10-24,51.547066,161.020004
2011-10-25,52.853455000000004,165.58999599999999
2011-10-26,53.331848,167.399994
2011-10-27,54.380642,169.550003
2011-10-28,55.641026000000004,169.619995
2011-10-31,54.123043,167.33999599999999
2011-11-01,53.828648,167.380005
2011-11-02,55.162636,169.059998
2011-11-03,56.883015,171.720001
2011-11-04,56.395416000000004,170.850006
2011-11-07,58.23539399999999,174.979996
2011-11-08,57.499409,173.529999
2011-11-09,55.834221,172.070007
2011-11-10,55.35583100000001,171.139999
2011-11-11,57.324608,173.96000700000002
2011-11-14,56.275826,173.199997
2011-11-15,56.423019,173.360001
2011-11-16,55.484627,171.509995
2011-11-17,53.239844999999995,167.100006
2011-11-18,52.494652,167.619995
2011-11-21,51.703468,163.5
2011-11-22,52.476261,165.309998
2011-11-23,51.050278000000006,164.830002
2011-11-25,50.406284,163.399994
2011-11-28,51.703468,166.630005
2011-11-29,51.942661,166.880005
2011-11-30,55.576626,170.130005
2011-12-01,55.47543,169.630005
2011-12-02,53.589447,169.820007
2011-12-05,53.230652,167.320007
2011-12-06,54.297836,168.179993
2011-12-07,54.242638,169.399994
2011-12-08,52.678658,165.979996
2011-12-09,53.203053000000004,166.399994
2011-12-12,51.335468,161.990005
2011-12-13,49.71629,158.449997
2011-12-14,48.189106,152.889999
2011-12-15,47.545113,152.330002
2011-12-16,48.465103000000006,155.229996
2011-12-19,47.075916,154.869995
2011-12-20,48.750301,156.979996
2011-12-21,48.722691,157.16000400000001
2011-12-22,48.207504,156.03999299999998
2011-12-23,48.705727,156.309998
2011-12-27,47.856895,154.91000400000001
2011-12-28,46.186939,151.029999
2011-12-29,47.238731,150.33999599999999
2011-12-30,47.450943,151.990005
2012-01-03,49.637577,155.919998
2012-01-04,49.582229999999996,156.71000700000002
2012-01-05,49.729847,157.779999
2012-01-06,49.222396999999994,157.199997
2012-01-09,49.499179999999996,156.5
2012-01-10,50.255749,158.639999
2012-01-11,50.108124,159.669998
2012-01-12,50.486397,160.380005
2012-01-13,49.868237,159.259995
2012-01-17,49.065544,160.5
2012-01-18,49.120911,161.600006
2012-01-19,48.115234,161.220001
2012-01-20,48.14291,162.070007
2012-01-23,48.908691,163.16000400000001
2012-01-24,47.810767999999996,162.009995
2012-01-25,50.95694,166.419998
2012-01-26,51.445934,167.270004
2012-01-27,52.719166,168.970001
2012-01-30,52.091778000000005,168.029999
2012-01-31,52.091778000000005,169.309998
2012-02-01,52.18404,169.559998
2012-02-02,53.023635999999996,171.050003
2012-02-03,52.073326,167.639999
2012-02-06,51.833447,167.179993
2012-02-07,51.55666,169.699997
2012-02-08,51.242958,168.5
2012-02-09,50.975398999999996,168.020004
2012-02-10,50.274204,167.139999
2012-02-13,50.0989,167.509995
2012-02-14,49.609898,167.119995
2012-02-15,49.416153,168.110001
2012-02-16,50.698612,168.0
2012-02-17,49.960503,167.350006
2012-02-21,51.501301,171.020004
2012-02-22,52.433151,172.940002
2012-02-23,52.829884,173.020004
2012-02-24,52.091778000000005,172.229996
2012-02-27,51.722721,171.699997
2012-02-28,52.89447,173.490005
2012-02-29,51.113796,164.28999299999998
2012-03-01,51.565876,166.610001
2012-03-02,50.550987,166.33999599999999
2012-03-05,49.471503999999996,165.649994
2012-03-06,48.41048,162.699997
2012-03-07,48.594997,163.630005
2012-03-08,49.194714000000005,165.279999
2012-03-09,49.120911,166.380005
2012-03-12,48.318222,165.070007
2012-03-13,48.078334999999996,162.300003
2012-03-14,46.242290000000004,159.570007
2012-03-15,46.260746000000005,161.080002
2012-03-16,46.066998,161.300003
2012-03-19,45.762524,161.58999599999999
2012-03-20,46.002410999999995,160.130005
2012-03-21,45.910152000000004,160.21000700000002
2012-03-22,44.978287,159.570007
2012-03-23,45.910152000000004,161.529999
2012-03-26,46.712837,164.399994
2012-03-27,46.048546,163.240005
2012-03-28,45.144366999999995,161.509995
2012-03-29,45.264313,161.279999
2012-03-30,45.707169,162.119995
2012-04-02,46.491405,162.940002
2012-04-03,44.978287,159.889999
2012-04-04,43.096127,157.21000700000002
2012-04-05,42.62558,158.309998
2012-04-09,42.883915,159.369995
2012-04-10,43.400589000000004,161.100006
2012-04-11,42.893143,161.070007
2012-04-12,44.424709,162.699997
2012-04-13,43.825001,160.850006
2012-04-16,43.031532,160.46000700000002
2012-04-17,43.465176,160.25
2012-04-18,43.022312,159.309998
2012-04-19,43.003859999999996,159.429993
2012-04-20,42.551773,159.53999299999998
2012-04-23,41.555328,159.070007
2012-04-24,41.647587,159.300003
2012-04-25,42.708618,159.619995
2012-04-26,42.671715,161.029999
2012-04-27,43.179161,161.380005
2012-04-30,42.800884,161.880005
2012-05-01,42.847019,161.320007
2012-05-02,42.127361,160.58999599999999
2012-05-03,40.485073,158.970001
2012-05-04,40.641918,159.470001
2012-05-07,40.291321,159.080002
2012-05-08,38.907371999999995,156.0
2012-05-09,39.691612,154.470001
2012-05-10,39.756195,154.770004
2012-05-11,39.138031,153.559998
2012-05-14,37.800213,151.330002
2012-05-15,36.296326,149.740005
2012-05-16,36.499309999999994,149.46000700000002
2012-05-17,38.14159,152.800003
2012-05-18,38.399925,154.550003
2012-05-21,39.682381,154.649994
2012-05-22,39.248749,152.080002
2012-05-23,41.001746999999995,151.619995
2012-05-24,41.177052,151.41000400000001
2012-05-25,41.435387,152.679993
2012-05-29,40.678829,151.020004
2012-05-30,40.817223,151.91000400000001
2012-05-31,40.392811,151.619995
2012-06-01,42.976189,157.5
2012-06-04,43.668156,157.320007
2012-06-05,43.852676,157.139999
2012-06-06,43.935715,157.21000700000002
2012-06-07,42.431824,154.5
2012-06-08,42.745521999999994,154.729996
2012-06-11,42.127361,155.360001
2012-06-12,43.14225,156.46000700000002
2012-06-13,43.169937,157.119995
2012-06-14,43.299107,157.75
2012-06-15,43.289867,157.83999599999999
2012-06-18,44.037212,157.929993
2012-06-19,43.991074,157.16000400000001
2012-06-20,43.612797,155.970001
2012-06-21,41.352348,152.020004
2012-06-22,41.13092,152.639999
2012-06-25,41.666042,153.759995
2012-06-26,41.010971000000005,152.619995
2012-06-27,40.854126,152.830002
2012-06-28,39.959175,151.050003
2012-06-29,41.306213,155.190002
2012-07-02,41.296986,155.08999599999999
2012-07-03,42.856235999999996,157.46000700000002
2012-07-05,42.228851,155.679993
2012-07-06,40.992523,153.71000700000002
2012-07-09,40.826446999999995,154.03999299999998
2012-07-10,39.553222999999996,152.149994
2012-07-11,38.722851,152.990005
2012-07-12,38.482966999999995,152.58999599999999
2012-07-13,39.036549,154.139999
2012-07-16,38.898148,154.21000700000002
2012-07-17,38.473743,153.470001
2012-07-18,37.938614,153.050003
2012-07-19,38.372246000000004,153.380005
2012-07-20,38.492195,153.669998
2012-07-23,37.551109000000004,153.029999
2012-07-24,37.569557,153.520004
2012-07-25,38.713619,155.669998
2012-07-26,39.516308,156.770004
2012-07-27,39.793098,157.53999299999998
2012-07-30,40.337456,157.429993
2012-07-31,39.516308,156.490005
2012-08-01,38.981186,155.139999
2012-08-02,38.787437,154.130005
2012-08-03,39.543987,155.550003
2012-08-06,40.34668,156.300003
2012-08-07,40.807995,156.279999
2012-08-08,40.586566999999995,156.479996
2012-08-09,41.112469,156.990005
2012-08-10,41.380028,157.179993
2012-08-13,40.817223,155.990005
2012-08-14,40.5312,155.130005
2012-08-15,40.734188,155.630005
2012-08-16,42.118137,156.559998
2012-08-17,41.832115,156.720001
2012-08-20,42.09045,157.259995
2012-08-21,42.791656,158.830002
2012-08-22,43.825001,160.53999299999998
2012-08-23,43.751186,161.889999
2012-08-24,43.889584,161.970001
2012-08-27,43.271431,161.360001
2012-08-28,43.225291999999996,161.639999
2012-08-29,42.800884,160.58999599999999
2012-08-30,42.459507,160.520004
2012-08-31,44.230961,164.220001
2012-09-04,44.074112,164.479996
2012-09-05,44.221740999999994,164.309998
2012-09-06,45.328896,164.889999
2012-09-07,46.555991999999996,168.440002
2012-09-10,45.651814,167.28999299999998
2012-09-11,45.956284000000004,167.899994
2012-09-12,46.140803999999996,167.919998
2012-09-13,48.456615,171.309998
2012-09-14,49.69294,171.800003
2012-09-17,49.720615,170.399994
2012-09-18,50.117352000000004,171.720001
2012-09-19,50.550987,171.740005
2012-09-20,50.154247,171.470001
2012-09-21,50.569443,171.96000700000002
2012-09-24,48.862567999999996,171.050003
2012-09-25,48.13369,170.770004
2012-09-26,48.345894,169.809998
2012-09-27,49.720615,172.33999599999999
2012-09-28,49.536091,171.889999
2012-10-01,49.757526,172.28999299999998
2012-10-02,49.443829,172.100006
2012-10-03,48.641129,172.41000400000001
2012-10-04,50.052765,173.610001
2012-10-05,49.499179999999996,172.619995
2012-10-08,49.111675,172.050003
2012-10-09,48.050655,170.990005
2012-10-10,48.419703999999996,170.83999599999999
2012-10-11,48.428932,171.320007
2012-10-12,47.663146999999995,170.059998
2012-10-15,47.644695,168.350006
2012-10-16,48.594997,169.419998
2012-10-17,49.000961,169.53999299999998
2012-10-18,47.533974,168.78999299999998
2012-10-19,47.72773,166.970001
2012-10-22,48.373577000000004,167.580002
2012-10-23,47.017303000000005,165.429993
2012-10-24,46.186939,164.860001
2012-10-25,47.598568,166.020004
2012-10-26,47.275646,165.929993
2012-10-31,48.807213,166.830002
2012-11-01,47.986065,166.070007
2012-11-02,45.910152000000004,162.600006
2012-11-05,45.568775,163.229996
2012-11-06,46.445278,166.300003
2012-11-07,47.118793,166.490005
2012-11-08,47.432491,167.990005
2012-11-09,46.749744,167.820007
2012-11-12,46.168484,167.449997
2012-11-13,45.651814,167.100006
2012-11-14,43.566662,167.139999
2012-11-15,42.413376,166.08999599999999
2012-11-16,42.87468,165.880005
2012-11-19,44.074112,167.869995
2012-11-20,43.695834999999995,167.389999
2012-11-21,44.360134,167.559998
2012-11-23,44.969066999999995,169.610001
2012-11-26,44.978287,169.429993
2012-11-27,43.788097,168.71000700000002
2012-11-28,44.194054,166.550003
2012-11-29,44.323219,167.179993
2012-11-30,43.871132,166.050003
2012-12-03,42.883915,166.130005
2012-12-04,43.040764,164.419998
2012-12-05,41.841339000000005,164.119995
2012-12-06,42.025867,164.5
2012-12-07,42.376469,165.16000400000001
2012-12-10,42.920818,165.800003
2012-12-11,42.69939,165.649994
2012-12-12,43.944946,165.770004
2012-12-13,42.754749,164.369995
2012-12-14,42.883915,164.130005
2012-12-17,42.911594,164.440002
2012-12-18,42.2104,162.080002
2012-12-19,41.850571,161.690002
2012-12-20,41.583012,159.729996
2012-12-21,41.684490000000004,160.330002
2012-12-24,41.807541,160.619995
2012-12-26,42.087193,160.779999
2012-12-27,42.357517,161.16000400000001
2012-12-28,41.882114,160.53999299999998
2012-12-31,43.243076,162.020004
2013-01-02,43.904907,163.169998
2013-01-03,42.077873,161.199997
2013-01-04,42.254982,160.440002
2013-01-07,41.462639,159.429993
2013-01-08,41.621113,160.559998
2013-01-09,41.35078,160.490005
2013-01-10,42.329547999999996,161.979996
2013-01-11,42.320232,161.059998
2013-01-14,42.161758,161.53999299999998
2013-01-15,42.497341,162.559998
2013-01-16,42.143116,162.649994
2013-01-17,41.947369,163.350006
2013-01-18,42.049904,163.08999599999999
2013-01-22,42.711742,163.669998
2013-01-23,41.537216,163.21000700000002
2013-01-24,40.29744,161.419998
2013-01-25,39.076302,160.649994
2013-01-28,38.666149,160.28999299999998
2013-01-29,39.383919,160.990005
2013-01-30,39.113586,162.190002
2013-01-31,38.796646,161.199997
2013-02-01,39.355949,161.449997
2013-02-04,39.467812,162.0
2013-02-05,39.393234,161.96000700000002
2013-02-06,39.654243,162.389999
2013-02-07,39.710171,161.83999599999999
2013-02-08,39.449165,161.570007
2013-02-11,38.656834,159.699997
2013-02-12,39.076302,159.889999
2013-02-13,38.405144,159.050003
2013-02-14,38.554295,158.350006
2013-02-15,37.184006,155.759995
2013-02-19,36.699284000000006,155.330002
2013-02-20,34.909531,151.440002
2013-02-21,35.534084,152.619995
2013-02-22,35.356964000000005,152.970001
2013-02-25,35.953548,154.33999599999999
2013-02-26,36.400993,156.220001
2013-02-27,35.664581,154.570007
2013-02-28,34.862919,153.0
2013-03-01,34.592594,152.440002
2013-03-04,33.473999,152.300003
2013-03-05,33.492641,152.380005
2013-03-06,34.900208,153.229996
2013-03-07,34.406166,152.690002
2013-03-08,34.592594,152.71000700000002
2013-03-11,34.452778,152.990005
2013-03-12,35.310356,154.190002
2013-03-13,34.368877000000005,153.66000400000001
2013-03-14,34.723099,153.679993
2013-03-15,34.806992,154.0
2013-03-18,34.937492,155.380005
2013-03-19,35.030708000000004,156.080002
2013-03-20,34.909531,155.369995
2013-03-21,35.823051,156.25
2013-03-22,35.571365,155.550003
2013-03-25,35.114605,155.240005
2013-03-26,34.844284,154.720001
2013-03-27,35.422215,155.360001
2013-03-28,35.282394000000004,154.449997
2013-04-01,34.909531,154.669998
2013-04-02,33.44603,152.429993
2013-04-03,31.926609000000003,150.729996
2013-04-04,32.830807,150.28999299999998
2013-04-05,32.681656,152.809998
2013-04-08,32.299477,152.16000400000001
2013-04-09,33.585857,153.33999599999999
2013-04-10,32.299477,150.75
2013-04-11,31.861353,151.050003
2013-04-12,30.034315000000003,143.949997
2013-04-15,27.051394000000002,131.309998
2013-04-16,26.864958,132.800003
2013-04-17,25.522642,132.869995
2013-04-18,26.305656,134.300003
2013-04-19,26.650557,135.470001
2013-04-22,27.004784,137.899994
2013-04-23,26.398874,136.880005
2013-04-24,28.179304,138.369995
2013-04-25,28.505565999999998,141.630005
2013-04-26,27.461540000000003,140.91000400000001
2013-04-29,27.881018,142.300003
2013-04-30,28.300490999999997,142.770004
2013-05-01,27.638651,141.110001
2013-05-02,27.620009999999997,141.919998
2013-05-03,27.675940999999998,142.08999599999999
2013-05-06,27.713224,142.149994
2013-05-07,26.892923,140.380005
2013-05-08,28.375063,142.46000700000002
2013-05-09,27.825089000000002,140.809998
2013-05-10,27.787798,139.600006
2013-05-13,27.060713,138.429993
2013-05-14,26.762417,137.809998
2013-05-15,25.541285000000002,134.630005
2013-05-16,25.615858,134.08999599999999
2013-05-17,24.590475,131.070007
2013-05-20,26.119226,135.119995
2013-05-21,25.466713000000002,132.880005
2013-05-22,25.792969,131.940002
2013-05-23,25.979404000000002,134.610001
2013-05-24,25.634501999999998,133.759995
2013-05-28,25.373497,133.490005
2013-05-29,26.566665999999998,134.830002
2013-05-30,28.020840000000003,136.699997
2013-05-31,27.498831,133.919998
2013-06-03,28.300490999999997,136.509995
2013-06-04,27.815762,135.229996
2013-06-05,27.899662,135.520004
2013-06-06,28.244562,136.529999
2013-06-07,27.023421999999997,133.279999
2013-06-10,27.116640000000004,133.940002
2013-06-11,26.221764,133.25
2013-06-12,26.426844,134.25
2013-06-13,26.687849,133.740005
2013-06-14,26.212442000000003,134.429993
2013-06-17,26.277699,133.770004
2013-06-18,25.522642,132.130005
2013-06-19,24.711658,130.58999599999999
2013-06-20,22.884619,123.599998
2013-06-21,23.210876000000003,125.050003
2013-06-24,22.138887,123.93
2013-06-25,22.054993,123.470001
2013-06-26,20.712677,118.279999
2013-06-27,21.244013,115.940002
2013-06-28,22.828685999999998,119.110001
2013-07-01,23.201551000000002,121.129997
2013-07-02,22.138887,120.050003
2013-07-03,22.539715,120.739998
2013-07-05,21.831276000000003,118.089996
2013-07-08,21.346546,119.510002
2013-07-09,21.644838,120.620003
2013-07-10,21.616875,120.949997
2013-07-11,23.276123000000002,124.239998
2013-07-12,22.716831,124.129997
2013-07-15,22.642257999999998,124.18
2013-07-16,23.909998,124.889999
2013-07-17,23.192232,123.32
2013-07-18,23.099016,124.010002
2013-07-19,24.105755,125.110001
2013-07-22,25.578569,128.83999599999999
2013-07-23,26.426844,129.71000700000002
2013-07-24,25.121810999999997,127.480003
2013-07-25,25.364174,128.669998
2013-07-26,25.709076,128.779999
2013-07-29,25.382818,128.470001
2013-07-30,25.22435,128.119995
2013-07-31,25.159095999999998,127.959999
2013-08-01,24.394724,126.610001
2013-08-02,23.854070999999998,126.360001
2013-08-05,23.704922,125.699997
2013-08-06,22.399895,123.970001
2013-08-07,22.316,124.150002
2013-08-08,24.236256,126.860001
2013-08-09,24.674374,126.860001
2013-08-12,26.109904999999998,129.130005
2013-08-13,25.34553,127.739998
2013-08-14,26.753097999999998,129.0
2013-08-15,28.365741999999997,131.690002
2013-08-16,27.769157,132.580002
2013-08-19,27.247145,132.009995
2013-08-20,28.272524,132.449997
2013-08-21,26.967496999999998,132.070007
2013-08-22,27.377646999999996,132.809998
2013-08-23,28.095413,134.899994
2013-08-26,28.347096999999998,135.449997
2013-08-27,27.125965,136.75
2013-08-28,26.380229999999997,136.71000700000002
2013-08-29,26.603952000000003,135.869995
2013-08-30,26.221764,134.619995
2013-09-03,26.473446000000003,136.419998
2013-09-04,26.641240999999997,134.66000400000001
2013-09-05,25.662466000000002,132.199997
2013-09-06,26.109904999999998,134.149994
2013-09-09,25.774326000000002,133.91000400000001
2013-09-10,24.76759,131.740005
2013-09-11,24.972662,131.699997
2013-09-12,23.574421,127.66999799999999
2013-09-13,23.891354,127.82
2013-09-16,23.667637,126.449997
2013-09-17,24.171003,126.5
2013-09-18,26.333624,132.009995
2013-09-19,25.504,131.75
2013-09-20,24.012537,127.959999
2013-09-23,23.462557,127.550003
2013-09-24,23.378666,127.660004
2013-09-25,23.788816,128.78999299999998
2013-09-26,23.406633,127.790001
2013-09-27,23.462557,128.970001
2013-09-30,23.322737,128.179993
2013-10-01,22.754114,124.589996
2013-10-02,22.828685999999998,127.059998
2013-10-03,22.614292000000003,127.18
2013-10-04,22.549042,126.529999
2013-10-07,22.921906,127.639999
2013-10-08,22.20414,127.400002
2013-10-09,22.297354000000002,126.110001
2013-10-10,21.961776999999998,124.269997
2013-10-11,21.486372,122.599998
2013-10-14,21.542305,122.83000200000001
2013-10-15,22.148207,123.730003
2013-10-16,21.700769,123.540001
2013-10-17,22.838007,127.41999799999999
2013-10-18,22.726151,126.849998
2013-10-21,23.238844,126.980003
2013-10-22,24.2549,129.33999599999999
2013-10-23,23.47188,128.690002
2013-10-24,24.357435,129.899994
2013-10-25,24.534546,130.46000700000002
2013-10-28,24.739626,130.559998
2013-10-29,24.031183,129.770004
2013-10-30,24.450654999999998,129.600006
2013-10-31,23.397308,127.739998
2013-11-01,22.446501,126.949997
2013-11-04,23.126978,126.809998
2013-11-05,22.828685999999998,126.559998
2013-11-06,23.108337,127.199997
2013-11-07,22.502432000000002,126.160004
2013-11-08,22.632935,124.279999
2013-11-11,22.651577,123.870003
2013-11-12,22.166854999999998,122.449997
2013-11-13,22.288034,122.849998
2013-11-14,22.884619,124.269997
2013-11-15,22.493107000000002,124.32
2013-11-18,22.064314000000003,122.900002
2013-11-19,22.082957999999998,122.949997
2013-11-20,21.29994,120.120003
2013-11-21,21.00165,119.940002
2013-11-22,20.740644,119.91999799999999
2013-11-25,20.694035,120.459999
2013-11-26,20.190664,119.82
2013-11-27,20.330488,119.459999
2013-11-29,20.768608,120.699997
2013-12-02,19.482222,117.58000200000001
2013-12-03,19.174608,117.959999
2013-12-04,19.780516,119.959999
2013-12-05,19.267823999999997,118.300003
2013-12-06,19.258501000000003,118.550003
2013-12-09,19.771189,119.720001
2013-12-10,20.535564,121.82
2013-12-11,19.752548,120.860001
2013-12-12,19.584759,118.290001
2013-12-13,19.677975,119.379997
2013-12-16,19.929659,119.690002
2013-12-17,19.752548,118.650002
2013-12-18,19.444935,117.610001
2013-12-19,19.109358,114.82
2013-12-20,19.137320000000003,115.940002
2013-12-23,19.185308,115.57
2013-12-24,19.787497000000002,116.099998
2013-12-26,19.806310999999997,116.739998
2013-12-27,19.994497,117.120003
2013-12-30,19.420536,115.389999
2013-12-31,19.881584,116.120003
2014-01-02,20.728410999999998,118.0
2014-01-03,20.540229999999998,119.290001
2014-01-06,20.634321,119.5
2014-01-07,20.671953,118.82
2014-01-08,20.333226999999997,118.120003
2014-01-09,20.013315,118.459999
2014-01-10,20.709595,120.260002
2014-01-13,21.311781,121.019997
2014-01-14,20.794275,119.889999
2014-01-15,21.067141,119.660004
2014-01-16,21.283556,119.790001
2014-01-17,21.951604999999997,120.93
2014-01-21,22.299744,119.699997
2014-01-22,21.725782000000002,119.190002
2014-01-23,22.318562,121.790001
2014-01-24,22.271515,122.290001
2014-01-27,21.537601000000002,120.959999
2014-01-28,22.017467,120.949997
2014-01-29,22.591429,122.470001
2014-01-30,22.102152,119.769997
2014-01-31,22.092741,120.089996
2014-02-03,21.923374,121.32
2014-02-04,22.196243,120.989998
2014-02-05,21.838696,121.290001
2014-02-06,21.819876,121.239998
2014-02-07,22.497336999999998,122.16999799999999
2014-02-10,23.240662,122.91999799999999
2014-02-11,24.134532999999998,124.360001
2014-02-12,23.306526,124.43
2014-02-13,24.341535999999998,125.489998
2014-02-14,24.793175,127.150002
2014-02-18,24.896677,127.400002
2014-02-19,24.115713,126.269997
2014-02-20,25.094267000000002,127.599998
2014-02-21,24.962543,127.58000200000001
2014-02-24,25.122495999999998,128.990005
2014-02-25,24.774357000000002,129.21000700000002
2014-02-26,24.5109,128.110001
2014-02-27,24.435625,128.199997
2014-02-28,24.350943,127.620003
2014-03-03,24.746128,130.28999299999998
2014-03-04,24.557947,128.679993
2014-03-05,24.934310999999997,128.889999
2014-03-06,25.207176,130.169998
2014-03-07,24.633223,129.08999599999999
2014-03-10,24.435625,129.130005
2014-03-11,24.586172,129.860001
2014-03-12,25.329498,131.759995
2014-03-13,25.997547,132.21000700000002
2014-03-14,26.091642,133.100006
2014-03-17,25.216587,131.639999
2014-03-18,24.868448,130.619995
2014-03-19,23.936941,128.08999599999999
2014-03-20,23.965168,127.860001
2014-03-21,24.012213,128.470001
2014-03-24,22.892521,126.18
2014-03-25,23.033661,126.410004
2014-03-26,22.102152,125.410004
2014-03-27,22.412654999999997,124.589996
2014-03-28,22.676109,124.559998
2014-03-31,22.215063,123.610001
2014-04-01,22.290335,123.389999
2014-04-02,22.883116,124.32
2014-04-03,22.647886,123.91999799999999
2014-04-04,22.826658,125.57
2014-04-07,22.826658,124.910004
2014-04-08,23.410027,126.089996
2014-04-09,23.588798999999998,126.32
2014-04-10,23.11834,127.010002
2014-04-11,22.789022,126.93
2014-04-14,23.071297,127.849998
2014-04-15,22.600839999999998,125.489998
2014-04-16,22.393831,125.540001
2014-04-17,22.177425,124.75
2014-04-21,22.120966,124.239998
2014-04-22,22.384428,123.779999
2014-04-23,22.836067,123.760002
2014-04-24,22.525566,124.559998
2014-04-25,23.014841,125.43
2014-04-28,22.572609,124.879997
2014-04-29,22.873701,124.860001
2014-04-30,22.68552,124.220001
2014-05-01,22.384428,123.800003
2014-05-02,22.883116,125.059998
2014-05-05,22.967794,126.220001
2014-05-06,22.845476,125.980003
2014-05-07,22.403244,124.16999799999999
2014-05-08,22.365612,124.16999799999999
2014-05-09,22.327970999999998,124.099998
2014-05-12,22.516157,124.940002
2014-05-13,22.34679,124.599998
2014-05-14,22.591429,125.809998
2014-05-15,22.224472,124.769997
2014-05-16,22.036289,124.5
2014-05-19,22.026876,124.58000200000001
2014-05-20,22.00806,124.690002
2014-05-21,22.064516,124.389999
2014-05-22,22.00806,124.66999799999999
2014-05-23,21.932785,124.510002
2014-05-27,21.085962,121.849998
2014-05-28,20.737822,121.199997
2014-05-29,20.926004000000002,120.940002
2014-05-30,21.170645,120.43
2014-06-02,20.973051,119.699997
2014-06-03,21.048326,120.010002
2014-06-04,20.963642,119.760002
2014-06-05,21.311781,120.660004
2014-06-06,21.302367999999998,120.610001
2014-06-09,21.217688,120.650002
2014-06-10,21.669329,121.389999
2014-06-11,22.026876,121.410004
2014-06-12,22.610249,122.639999
2014-06-13,22.68552,122.959999
2014-06-16,22.5632,122.41999799999999
2014-06-17,22.694931,122.279999
2014-06-18,23.297114999999998,122.66999799999999
2014-06-19,24.548534,126.940002
2014-06-20,24.294487,126.5
2014-06-23,24.717901,126.849998
2014-06-24,23.965168,126.980003
2014-06-25,24.238035,126.989998
2014-06-26,24.416809,126.730003
2014-06-27,24.445035999999998,126.660004
2014-06-30,24.887266,128.03999299999998
2014-07-01,24.689676000000002,127.699997
2014-07-02,24.915492999999998,127.699997
2014-07-03,24.934310999999997,127.160004
2014-07-07,24.501492000000002,127.019997
2014-07-08,24.896677,127.07
2014-07-09,25.545907999999997,127.839996
2014-07-10,25.037815,128.53999299999998
2014-07-11,25.705866,128.779999
2014-07-14,25.028406,125.720001
2014-07-15,24.256854999999998,124.529999
2014-07-16,24.727314,124.970001
2014-07-17,25.395360999999998,127.089996
2014-07-18,25.348316,126.129997
2014-07-21,25.310679999999998,126.339996
2014-07-22,25.018995,125.739998
2014-07-23,24.924906,125.620003
2014-07-24,24.539127,124.349998
2014-07-25,25.235407000000002,125.790001
2014-07-28,25.395360999999998,125.58000200000001
2014-07-29,25.178953,125.199997
2014-07-30,24.906086,124.83000200000001
2014-07-31,24.379173,123.389999
2014-08-01,24.652039000000002,124.379997
2014-08-04,24.416809,123.989998
2014-08-05,24.557947,123.870003
2014-08-06,25.113089000000002,125.66999799999999
2014-08-07,25.178953,126.18
2014-08-08,25.197771,126.190002
2014-08-11,25.376542999999998,125.959999
2014-08-12,25.809368,125.989998
2014-08-13,25.781137,126.199997
2014-08-14,25.527092,126.309998
2014-08-15,25.235407000000002,125.480003
2014-08-18,25.395360999999998,124.959999
2014-08-19,25.113089000000002,124.68
2014-08-20,25.08486,124.220001
2014-08-21,24.52972,122.879997
2014-08-22,24.557947,123.190002
2014-08-25,24.106304,122.739998
2014-08-26,24.642628,123.349998
2014-08-27,24.567354,123.32
2014-08-28,24.896677,124.0
2014-08-29,25.113089000000002,123.860001
2014-09-02,24.285079999999997,121.650002
2014-09-03,24.256854999999998,122.150002
2014-09-04,23.410027,121.480003
2014-09-05,23.588798999999998,122.059998
2014-09-08,22.760796,120.730003
2014-09-09,23.108932,120.870003
2014-09-10,22.676109,120.260002
2014-09-11,22.836067,119.470001
2014-09-12,22.469107,118.379997
2014-09-15,22.497336999999998,118.639999
2014-09-16,22.58202,118.83000200000001
2014-09-17,22.045694,117.540001
2014-09-18,21.763422,117.779999
2014-09-19,21.321189999999998,117.089996
2014-09-22,20.869549,116.849998
2014-09-23,21.208279,117.599998
2014-09-24,20.897778,117.050003
2014-09-25,21.029505,117.389999
2014-09-26,20.681364000000002,117.059998
2014-09-29,20.464958,117.029999
2014-09-30,20.097998,116.209999
2014-10-01,20.135633,116.769997
2014-10-02,20.342636,116.739998
2014-10-03,19.411127,114.610001
2014-10-06,19.909813,116.029999
2014-10-07,19.213537,116.360001
2014-10-08,20.643728,117.470001
2014-10-09,19.96627,117.639999
2014-10-10,19.542854000000002,117.589996
2014-10-13,19.872179,118.519997
2014-10-14,20.107407000000002,118.589996
2014-10-15,20.182682,118.989998
2014-10-16,20.097998,119.220001
2014-10-17,19.467581,118.989998
2014-10-20,19.947451,119.800003
2014-10-21,19.853361,120.019997
2014-10-22,19.232351,119.339996
2014-10-23,19.345259,118.519997
2014-10-24,19.260579999999997,118.349998
2014-10-27,18.921851999999998,118.059998
2014-10-28,19.317034,118.099998
2014-10-29,18.47962,116.410004
2014-10-30,17.124699,115.190002
2014-10-31,16.193189999999998,112.660004
2014-11-03,16.851831,112.150002
2014-11-04,16.193189999999998,112.220001
2014-11-05,15.609817999999999,109.790001
2014-11-06,16.193189999999998,109.879997
2014-11-07,17.538702,112.970001
2014-11-10,16.419007999999998,110.459999
2014-11-11,17.143515,112.040001
2014-11-12,17.162333,111.5
2014-11-13,16.880058,111.66999799999999
2014-11-14,17.89625,114.470001
2014-11-17,18.244387,114.050003
2014-11-18,19.100626000000002,115.050003
2014-11-19,18.056206,113.68
2014-11-20,18.545481,114.860001
2014-11-21,18.705441,115.389999
2014-11-24,18.432573,115.110001
2014-11-25,19.185308,115.379997
2014-11-26,18.912443,115.160004
2014-11-28,17.275246,112.110001
2014-12-01,18.554893,116.58000200000001
2014-12-02,18.065615,115.139999
2014-12-03,18.112659,116.33000200000001
2014-12-04,18.065615,115.879997
2014-12-05,17.642201999999997,114.43
2014-12-08,17.77393,115.779999
2014-12-09,18.601938,118.190002
2014-12-10,18.075026,117.959999
2014-12-11,17.87743,117.690002
2014-12-12,17.548109,117.410004
2014-12-15,16.315512,114.389999
2014-12-16,16.089691000000002,114.949997
2014-12-17,16.917694,114.269997
2014-12-18,17.651613,115.150002
2014-12-19,17.435202,114.769997
2014-12-22,16.536398000000002,112.550003
2014-12-23,16.384863,112.739998
2014-12-24,16.830004000000002,112.769997
2014-12-26,17.275139000000003,114.83000200000001
2014-12-29,16.877359,113.66999799999999
2014-12-30,17.474031,115.199997
2014-12-31,17.407736,113.58000200000001
2015-01-02,17.93811,114.08000200000001
2015-01-05,18.411661,115.800003
2015-01-06,19.387178,117.120003
2015-01-07,19.027279,116.43
2015-01-08,18.743149,115.940002
2015-01-09,19.614483,117.260002
2015-01-12,20.35322,118.559998
2015-01-13,19.462942,118.160004
2015-01-14,19.235641,117.970001
2015-01-15,20.343748,120.940002
2015-01-16,20.987779999999997,122.519997
2015-01-20,21.726519,124.199997
2015-01-21,21.347679,124.230003
2015-01-22,21.234029999999997,125.230003
2015-01-23,20.589996,124.230003
2015-01-26,20.97831,122.989998
2015-01-27,21.669693,124.400002
2015-01-28,20.807827,123.41999799999999
2015-01-29,20.447931,120.760002
2015-01-30,21.110903,123.449997
2015-02-02,21.262439999999998,122.41999799999999
2015-02-03,20.71312,121.050003
2015-02-04,21.091960999999998,121.58000200000001
2015-02-05,21.385563,121.790001
2015-02-06,20.201685,118.639999
2015-02-09,20.542642999999998,119.16999799999999
2015-02-10,20.154329,118.470001
2015-02-11,19.756548000000002,117.07
2015-02-12,20.031206,117.339996
2015-02-13,20.135386999999998,117.980003
2015-02-17,19.481886,116.010002
2015-02-18,19.927027,116.339996
2015-02-19,19.453476000000002,115.940002
2015-02-20,19.368235000000002,115.279999
2015-02-23,19.453476000000002,115.43
2015-02-24,19.339827,115.260002
2015-02-25,19.69025,115.699997
2015-02-26,19.851259,116.07
2015-02-27,20.154329,116.160004
2015-03-02,19.661839,115.68
2015-03-03,19.301937,115.470001
2015-03-04,18.979921,115.110001
2015-03-05,19.017807,115.0
2015-03-06,17.597157,111.860001
2015-03-09,16.962597,111.970001
2015-03-10,16.735292,111.41999799999999
2015-03-11,17.237257,110.75
2015-03-12,17.114134,110.720001
2015-03-13,17.114134,110.879997
2015-03-16,17.152016,110.809998
2015-03-17,16.981539,110.209999
2015-03-18,17.843398999999998,112.370003
2015-03-19,17.720276000000002,112.290001
2015-03-20,18.307482,113.57
2015-03-23,18.705263000000002,114.290001
2015-03-24,18.601082,114.57
2015-03-25,18.335897,114.730003
2015-03-26,18.061235,115.480003
2015-03-27,17.843398999999998,115.059998
2015-03-30,17.492975,113.75
2015-03-31,17.275139000000003,113.660004
2015-04-01,18.193825,115.599998
2015-04-02,17.985464,115.279999
2015-04-06,18.657907,116.690002
2015-04-07,18.174885,116.110001
2015-04-08,18.080177,115.470001
2015-04-09,17.909697,114.66999799999999
2015-04-10,18.421132999999998,115.970001
2015-04-13,18.241184,115.139999
2015-04-14,18.383251,114.440002
2015-04-15,18.923098,115.43
2015-04-16,18.695793,115.029999
2015-04-17,18.676851,115.599998
2015-04-20,18.781034,114.720001
2015-04-21,18.913626,115.379997
2015-04-22,18.28854,113.83000200000001
