,cst,gdx
0,9.999000266291462,9.966728726216111
1,9.995857524949596,9.86008441010978
2,9.988529702031533,9.620917065354764
3,9.973729647095906,9.113564190337227
4,9.947957407420642,8.224834145638127
5,9.90879067088016,6.889401979386703
6,9.857266630010345,5.092878224405376
7,9.801884584621117,3.190097064163751
8,9.784776564294868,2.57724826726552
9,9.774563718353134,2.2456406230319517
10,9.773795324121979,2.2237079658624004
11,9.773719821068948,2.221601654758609
12,9.77368255522826,2.2206085688959183
13,9.773646974758972,2.2195584288544223
14,9.77364667968785,2.219551723884272
15,9.77364278731315,2.2194761278414137
16,9.77355238482035,2.2160825318112254
17,9.773301929939521,2.1916095908089663
18,9.773157276717482,2.1874232495618857
19,9.77309446107339,2.1860550462890056
20,9.773023530756616,2.183071928440841
21,9.77282507532224,2.162304571228448
22,9.77236485432341,2.148151429973153
23,9.771910970897553,2.127074600060966
24,9.771499411018512,2.1102194001862635
25,9.77143883633829,2.109000720753351
26,9.771409072593883,2.108182815839569
27,9.771814881186481,2.0819161141209555
28,9.771680105146503,2.0714894812909157
29,9.771632663201485,2.040865682422845
30,9.771569790650927,2.0393291443119
31,9.77152892169545,2.0375386988325057
32,9.77151703972885,2.0372499372280886
33,9.771507643641943,2.036995918692815
34,9.771504834899137,2.0366050535848506
35,9.771504580669664,2.0365971382113983
36,9.77150458060915,2.0365971371018503
37,9.771504580196305,2.036597112029358
38,9.771504580146836,2.0365971112829437
39,9.771504580041046,2.036597108859956
40,9.771504582623985,2.0365967130467197
41,9.771504582422827,2.0365967101834945
42,9.771504582419327,2.0365967101292894
43,9.77150458135862,2.036596565606298
44,9.771504596832209,2.0365869417502793
45,9.771504097444366,2.0365174552969827
46,9.771504094343344,2.036517397407409
47,9.771504318136714,2.0364873650288913
48,9.771503686849295,2.0364635117039307
49,9.771503866675884,2.036345601902178
50,9.771505786197993,2.034905927335443
51,9.771490944454628,2.0345978381715772
52,9.771488758099313,2.0345429103781716
53,9.771485081595833,2.0342382902274116
54,9.771477485721253,2.034047503301871
55,9.77147673875615,2.0328602351943337
56,9.771431477032008,2.0320159730277063
57,9.771429003614916,2.0319798166988794
58,9.771428701681007,2.0319745229552892
59,9.771427428460395,2.0318639316820697
60,9.771425872434627,2.0313903108006803
61,9.771407308696437,2.031093696542172
62,9.771395609521523,2.030674729794799
63,9.771845700793149,2.0209970406008657
64,9.771649345201881,2.00698016974212
65,9.77137232099367,1.9981264846207942
66,9.771299371914198,1.9967622312522773
67,9.771249578969895,1.994348004485306
68,9.771219065494144,1.9938821965450575
69,9.771194116413321,1.9926458994006795
70,9.771177523467808,1.9918441487725478
71,9.771259891673358,1.9875613040890965
72,9.77117064460117,1.9795635924374286
73,9.771523679408109,1.9651915348447861
74,9.771241356825051,1.958087308765345
75,9.77110872236815,1.9566125802184373
76,9.771100232107836,1.9565102848098523
77,9.771100227092022,1.9565102576159827
78,9.7711002266522,1.9565102507248926
79,9.771100226411546,1.956510237079115
80,9.771100226376563,1.9565102367768923
81,9.771100226356486,1.9565102358764486
82,9.771100226771539,1.9565102202516471
83,9.771100226755157,1.956510220116054
84,9.771100226754942,1.9565102201126463
85,9.771100226754916,1.9565102201076885
86,9.771100226754898,1.9565102201070104
87,9.771100226754896,1.9565102201069784
88,9.771100226758522,1.9565102200281945
89,9.771100226764567,1.9565102198021258
90,9.771100226763934,1.9565102197905013
91,9.771100226763688,1.9565102197859927
92,9.771100226762835,1.9565102197554864
93,9.771100226762835,1.956510219755484
94,9.771100226762787,1.9565102197536832
95,9.771100226763878,1.9565102197115438
96,9.771100226763448,1.956510219700122
97,9.771100226763416,1.956510219699554
98,9.771100226763286,1.9565102196825006
99,9.771100226763265,1.9565102196822413
100,9.77110022676384,1.956510219666003
101,9.771100226791523,1.9565102192093802
102,9.771100226791043,1.9565102189276458
103,9.771100226773765,1.9565102185727619
104,9.771100226773301,1.9565102185671963
105,9.771100226815241,1.9565102178217018
106,9.771100226805153,1.956510217679687
107,9.77110022643563,1.9565101673944074
108,9.77110022595898,1.9565101117508827
109,9.771100347508234,1.9565077629494447
110,9.771100338458993,1.9565074512336693
111,9.771100337294177,1.9565074331369314
112,9.771100337116186,1.9565074240617373
113,9.771100369892551,1.9565067133416338
114,9.771100369377434,1.9565066825664488
115,9.771100369243296,1.9565066548564607
116,9.771100370226062,1.9565065395417043
117,9.771100367386484,1.956506487653919
118,9.771100365999978,1.9565064238490997
119,9.77110035329613,1.9565061783570825
120,9.771100888240586,1.9565006514165442
121,9.77110087045635,1.95650044844095
122,9.771100857502981,1.9565001302024265
123,9.771100850089292,1.9565000279822764
124,9.77110085532772,1.9564992749431223
125,9.77110085526707,1.956499274565507
126,9.771100855264155,1.9564992744901424
127,9.77110085526203,1.9564992744266074
128,9.77110086138373,1.9564992063725213
129,9.771100860916288,1.956499130962013
130,9.771100931126748,1.9564979935383822
131,9.771100917473259,1.956497141238572
132,9.77110101796054,1.956486021969414
133,9.771100211908422,1.9564294289648243
134,9.771186251795331,1.9554519054117405
135,9.771168691967183,1.9551195875230474
136,9.771197212005056,1.9531323646150185
137,9.771158464482241,1.9525279369322768
138,9.771114881691693,1.9520131725096581
139,9.77111005187446,1.9505978741716925
140,9.771076401332799,1.9502196211566896
141,9.771074741745885,1.9498011485421762
142,9.771069975977989,1.9497295222575417
143,9.77106745652967,1.949636798089057
144,9.771062182217491,1.9492696524915032
145,9.771042498579865,1.9490695700204743
146,9.771040345743902,1.9490408919736353
147,9.771070126809317,1.9486138004199982
148,9.771067333713995,1.9485824684676478
149,9.77106696443182,1.9485782645939969
150,9.771066939966325,1.9485778840539025
151,9.77106694189861,1.9485770179765514
152,9.771067845304009,1.9485582966424988
153,9.771068106865252,1.9485402061548085
154,9.771067998195935,1.9485380168861957
155,9.771067996308018,1.9485380064344948
156,9.771067996174665,1.948538005306215
157,9.771067995304026,1.9485379960587121
158,9.771067995165707,1.9485379906132954
159,9.771067995150014,1.9485379903435105
160,9.771067995147037,1.9485379903081892
161,9.771067995147737,1.948537990027562
162,9.771067995192674,1.948537989492228
163,9.771067995187236,1.9485379894062689
164,9.77106799518699,1.9485379893853965
165,9.77106799518694,1.9485379893849653
166,9.771067995186977,1.948537989383661
167,9.771067995186943,1.9485379893830612
168,9.771067995302774,1.9485379887277765
169,9.771067995631965,1.948537980173724
170,9.771067995538015,1.9485379788806878
171,9.771067995503849,1.9485379773282294
172,9.771067995494615,1.9485379772380504
173,9.771067995498383,1.9485379769569955
174,9.771067995582495,1.9485379751254281
175,9.771067995594688,1.948537972935595
176,9.771067995403623,1.9485379706981998
177,9.77106799532239,1.9485379651334773
178,9.771067995328886,1.9485379603075792
179,9.771067995286401,1.9485379597356416
180,9.771067996042737,1.948537949820265
181,9.771067996027396,1.9485379494015271
182,9.771067996020609,1.9485379493229222
183,9.771067996122223,1.9485379467042958
184,9.771067997368188,1.9485379226199282
185,9.771067999038555,1.948537794619202
186,9.771067997268245,1.9485377613095698
187,9.771067996404303,1.9485377545928793
188,9.77106800307556,1.9485377045384542
189,9.771068006624116,1.9485373578583736
190,9.771068005256419,1.9485372918063597
191,9.771068016448865,1.9485369258223937
192,9.771068016435684,1.9485369257874237
193,9.77106801643672,1.9485369257423302
194,9.77106801643653,1.948536925740856
195,9.771068016436487,1.948536925740676
196,9.771068016436486,1.948536925740661
197,9.771068016436558,1.9485369257400607
198,9.771068016436553,1.9485369257397347
199,9.771068016436562,1.9485369257386183
200,9.771068016436544,1.9485369257383682
201,9.771068016437402,1.9485369257218297
202,9.771068016437402,1.948536925721826
203,9.771068016437402,1.9485369257218192
204,9.771068016437804,1.9485369257176497
205,9.771068016437802,1.948536925716987
206,9.771068016438429,1.9485369257016623
207,9.771068016439116,1.948536925676552
208,9.771068016561712,1.9485369243727806
209,9.771068016538026,1.9485369237283872
210,9.771068016421014,1.9485369212514263
211,9.771068016438146,1.9485369197879787
212,9.771068016435496,1.948536919765567
213,9.771068016435297,1.948536919744375
214,9.771068016433839,1.948536919716782
215,9.771068016433226,1.9485369196716316
216,9.771068016512105,1.9485369181627374
217,9.771068016807005,1.9485369052639958
218,9.771068019073478,1.948536872849423
219,9.77106801853046,1.9485368487033743
220,9.771068016993919,1.9485368126313751
221,9.771068017457495,1.9485367820198876
222,9.77106801701014,1.948536774682844
223,9.771068016839862,1.948536744703744
224,9.771068108884583,1.9485359310142945
225,9.77106823041888,1.948533512589957
226,9.771068196223057,1.9485331557103394
227,9.771068194303492,1.9485331221960884
228,9.77106819410716,1.948533121013903
229,9.771068194110626,1.9485331208102337
230,9.77106819410435,1.9485331207274492
231,9.771068194102726,1.9485331207122523
232,9.771068194109146,1.9485331205074812
233,9.771068194106743,1.9485331204924576
234,9.771068194106762,1.9485331204857637
235,9.771068194106745,1.9485331204856324
236,9.771068194106737,1.9485331204855296
237,9.771068194143265,1.948533120197288
238,9.771068194147677,1.948533120072801
239,9.771068194147512,1.9485331200655216
240,9.771068194148004,1.948533120025499
241,9.771068194145995,1.9485331199908213
242,9.771068194142487,1.9485331199232747
243,9.77106819414086,1.9485331199152245
244,9.771068194140863,1.9485331199061757
245,9.771068194140838,1.9485331199059666
246,9.771068194140836,1.9485331199059337
247,9.771068194140835,1.9485331199059233
248,9.771068194140833,1.948533119905885
249,9.771068194141009,1.948533119903991
250,9.771068194142673,1.948533119874445
251,9.771068194142384,1.94853311987208
252,9.771068194143066,1.948533119854983
253,9.771068194143055,1.948533119854936
254,9.771068194143053,1.9485331198548685
255,9.771068194143053,1.9485331198548679
256,9.771068194143053,1.9485331198548455
257,9.771068194143979,1.9485331198494824
258,9.771068194155808,1.9485331197626967
259,9.77106819415491,1.948533119708853
260,9.771068194154044,1.9485331196980133
261,9.771068194154,1.9485331196975597
262,9.771068194153997,1.948533119697551
263,9.771068194154001,1.9485331196953788
264,9.771068194153996,1.9485331196952165
265,9.771068194153996,1.9485331196952118
266,9.771068194154,1.9485331196951585
267,9.77106819415404,1.9485331196943307
268,9.77106819415974,1.9485331196397941
269,9.771068194159128,1.9485331196233457
270,9.771068194162751,1.9485331195599243
271,9.771068194161892,1.9485331195546118
272,9.77106819417302,1.9485331192975786
273,9.771068194172289,1.948533119289268
274,9.771068194172283,1.948533119289246
275,9.771068194172281,1.9485331192892408
276,9.771068194172281,1.9485331192892188
277,9.771068194172281,1.9485331192892095
278,9.771068194172283,1.9485331192891324
279,9.771068194172974,1.9485331192846715
280,9.771068194172758,1.9485331192783395
281,9.771068194230255,1.9485331184238326
282,9.77106825751744,1.9485328122085717
283,9.771068285741062,1.948532257218816
284,9.771068281072957,1.9485321788648113
285,9.771068277002911,1.9485320425888968
286,9.771068330400118,1.9485313684169099
287,9.771068319695141,1.94853060523736
288,9.77106829357487,1.9485302279623937
289,9.77106828460239,1.9485301039974912
290,9.771079136211547,1.9484865127582776
291,9.771098674503238,1.9482736671984233
292,9.771097522783013,1.9482290730086622
293,9.771095928665785,1.9481821870408789
294,9.77420846577975,1.9732889009823937
295,9.77420740100311,1.9732817660356583
296,9.774207354304014,1.973281606043029
297,9.774207354271198,1.9732816059316516
298,9.774207359644189,1.973281571567977
299,9.774207359121668,1.9732815596077555
300,9.774207359079336,1.97328155924867
301,9.774207359184805,1.973281555529362
302,9.77420735918325,1.9732815555116499
303,9.77420735918323,1.9732815555115277
304,9.774207359183226,1.9732815555114818
305,9.774207359513785,1.9732815542963928
306,9.774207359278487,1.9732815525875724
307,9.77420735929476,1.973281552197801
308,9.774207359293436,1.9732815521898717
309,9.774207359293436,1.9732815521898737
310,9.774207359293435,1.9732815521898686
311,9.774207359293433,1.9732815521898652
312,9.774207359293433,1.9732815521898643
313,9.774207359293493,1.973281552189375
314,9.774207359293493,1.9732815521893734
315,9.774207359293493,1.973281552189375
316,9.774207359293493,1.9732815521893758
317,9.774207359293493,1.9732815521893798
318,9.774207359293495,1.973281552189388
319,9.774207359293495,1.973281552189391
320,9.774207359293495,1.9732815521893934
321,9.774207359293495,1.9732815521893914
322,9.774207359293493,1.9732815521893983
323,9.774207359293493,1.9732815521893952
324,9.774207359293493,1.9732815521893996
325,9.774207359345908,1.973281552078703
326,9.774207359349258,1.9732815520162756
327,9.77420735934896,1.9732815520117761
328,9.77420735941224,1.9732815516653706
329,9.774207359428612,1.9732815505634993
330,9.774207359330008,1.9732815455659367
331,9.774207359151049,1.9732815402254982
332,9.774207359147379,1.9732815401061712
333,9.77420738138573,1.9732814468089719
334,9.774207533719284,1.9732792202461773
335,9.774284707350215,1.973005694315494
336,9.774274856987983,1.972845662295149
337,9.774271560023209,1.9728094182057152
338,9.774271236984351,1.9728066560293909
339,9.774271214568016,1.972806518238932
340,9.774271226160009,1.9728062910209332
341,9.774271934691894,1.9728017460100322
342,9.77427293615532,1.9727865507395015
343,9.774272924093234,1.9727865186658275
344,9.77427292056188,1.972786479091505
345,9.77427293938936,1.972786313064958
346,9.774276732852387,1.9727669615521126
347,9.7742764081004,1.972765166372285
348,9.774293218746022,1.9726650175495692
349,9.774491160545926,1.9712099138471975
350,9.774494981275485,1.970507205300984
351,9.775031538608568,1.9665931286118132
352,9.775087296053234,1.9640793876450906
353,9.775061906064305,1.963895413156592
354,9.775057975505087,1.9638720790498958
355,9.775062359932603,1.9638362913009708
356,9.775061826268287,1.9638316244088385
357,9.775061789427669,1.9638314766069167
358,9.775062859576863,1.9638243077616508
359,9.77506385712977,1.9638045028176987
360,9.775066122884741,1.9637634918342204
361,9.77507193343168,1.9637202277610792
362,9.775696546795688,1.9607120422312163
363,9.775633137150782,1.9603348778306458
364,9.777319909426382,1.9532633912070247
365,9.777306415637076,1.9532156746139362
366,9.777570947082433,1.9521563639852686
367,9.777549526910809,1.951710491972639
368,9.77874325406416,1.9466712615245692
369,9.778735380795732,1.9466006182991304
370,9.778733527193456,1.9465594408935507
371,9.778733488766623,1.9465592340198297
372,9.77873348874955,1.9465592339928441
373,9.77873348879714,1.9465592334829371
374,9.778733490416029,1.946559223872382
375,9.778733490408403,1.9465592238534073
376,9.778733490468008,1.9465592224824793
377,9.778733490467939,1.9465592224822443
378,9.77873349101556,1.9465592210947467
379,9.778733491015402,1.9465592210939238
380,9.778733491245509,1.946559220350677
381,9.778733491245513,1.946559220350686
382,9.77873349124551,1.9465592203506767
383,9.778733491358633,1.9465592197527108
384,9.77873349131212,1.9465592194599095
385,9.778733491291494,1.9465592193239207
386,9.778733491295391,1.94655921924885
387,9.77873349129539,1.9465592192488363
388,9.778733491295387,1.9465592192488241
389,9.778733491295466,1.9465592192482326
390,9.778733491295387,1.946559219247304
391,9.778733491295776,1.9465592192445795
392,9.778733491295773,1.946559219244566
393,9.778733491295773,1.946559219244564
394,9.778733491295775,1.9465592192445715
395,9.778733491295775,1.9465592192445722
396,9.778733491295771,1.9465592192445653
397,9.778733491295771,1.9465592192445629
398,9.778733491295771,1.94655921924457
399,9.778733491295771,1.946559219244565
400,9.778733491295771,1.946559219244564
401,9.778733491295771,1.946559219244562
402,9.778733491295771,1.9465592192445584
403,9.77873349129577,1.9465592192445313
404,9.77873349129577,1.9465592192445356
405,9.77873349129577,1.9465592192445307
406,9.778733491296931,1.946559219242516
407,9.778733492448115,1.946559214743986
408,9.778733492436148,1.9465592146617678
409,9.778733492436025,1.9465592146610553
410,9.778733492454009,1.9465592145913693
411,9.778733492526184,1.9465592130048543
412,9.778733492653272,1.946559211960421
413,9.778733492853554,1.9465592077367466
414,9.77873349752625,1.9465591680876735
415,9.778733497522905,1.9465591680779462
416,9.77873349752291,1.9465591680779566
417,9.77873349752291,1.9465591680779553
418,9.77873349752291,1.9465591680779586
419,9.778733497522898,1.946559168078029
420,9.7787334975229,1.9465591680780379
421,9.7787334975229,1.9465591680780354
422,9.7787334975229,1.9465591680780379
423,9.7787334975229,1.9465591680780454
424,9.7787334975229,1.9465591680780436
425,9.7787334975229,1.9465591680780505
426,9.7787334975229,1.946559168078053
427,9.778733497522902,1.9465591680780574
428,9.778733497522897,1.9465591680780363
429,9.778733497522895,1.94655916807803
430,9.778733497522895,1.9465591680780323
431,9.779386862211952,1.967961733384057
432,9.779386862211958,1.9679617333840407
433,9.779386862211958,1.9679617333840327
434,9.779386862211961,1.9679617333840413
435,9.779386862211961,1.9679617333840385
436,9.779386862211961,1.967961733384037
437,9.779386862211961,1.9679617333840234
438,9.779386862211963,1.9679617333840185
439,9.779386862211965,1.9679617333840114
440,9.779386862211965,1.9679617333840098
441,9.779386862211965,1.9679617333840083
442,9.779386862211965,1.9679617333840118
443,9.779386862211965,1.9679617333840072
444,9.779386862211963,1.9679617333840131
445,9.779386862211968,1.9679617333839785
446,9.779386862211968,1.9679617333839785
447,9.779386862211974,1.9679617333839552
448,9.77938686221197,1.9679617333839459
449,9.77938686221197,1.9679617333839428
450,9.77938686221197,1.9679617333838555
451,9.77938686221197,1.9679617333838546
452,9.779386862211968,1.96796173338385
453,9.779386862211974,1.9679617333838348
454,9.779386862211974,1.9679617333838457
455,9.779386862212206,1.96796173338318
456,9.779386862212329,1.967961733380769
457,9.779386862212327,1.9679617333807595
458,9.779386862212325,1.9679617333807553
459,9.779386862212329,1.9679617333807626
460,9.77938686221233,1.967961733380766
461,9.779386862212332,1.967961733380772
462,9.779386862212334,1.9679617333807664
463,9.779386862212336,1.9679617333807584
464,9.779386862212336,1.967961733380765
465,9.779386862212336,1.9679617333807666
466,9.779386862212336,1.967961733380768
467,9.779386862212334,1.967961733380765
468,9.779386862212332,1.9679617333807713
469,9.779386862212332,1.9679617333807773
470,9.779386862212332,1.967961733380789
471,9.779386862212332,1.9679617333807804
472,9.779386862212332,1.9679617333807764
473,9.779386862212332,1.9679617333807724
474,9.779386862212332,1.967961733380769
475,9.779386862212332,1.9679617333807684
476,9.779386862212332,1.967961733380773
477,9.779386862212332,1.9679617333807773
478,9.779386862212343,1.9679617333807513
479,9.779386862212343,1.9679617333807558
480,9.779386862212343,1.9679617333807564
481,9.779386862212343,1.9679617333807524
482,9.779386862212343,1.967961733380758
483,9.779386862212345,1.9679617333807626
484,9.779386862212345,1.9679617333807613
485,9.779386862212345,1.9679617333807613
486,9.779386862212345,1.967961733380764
487,9.779386862212354,1.9679617333807824
488,9.779386862212354,1.9679617333807835
489,9.779386862212355,1.96796173338079
490,9.779386862212355,1.9679617333807893
491,9.779386862212355,1.9679617333807853
492,9.779386862212355,1.9679617333807833
493,9.779386862212357,1.9679617333807886
494,9.779386862212354,1.9679617333807988
495,9.779386862212354,1.9679617333808037
496,9.779386862212354,1.9679617333808044
497,9.779386862212355,1.96796173338081
498,9.779386862212355,1.9679617333808113
499,9.779386862212355,1.967961733380814
500,9.779386862212355,1.9679617333808108
501,9.779386862212355,1.967961733380804
502,9.779386862212354,1.967961733380812
503,9.779386862212354,1.9679617333808141
504,9.779386862212354,1.9679617333808144
505,9.779386862212354,1.967961733380813
506,9.779386862212357,1.9679617333808235
507,9.779386862212359,1.96796173338081
508,9.779386862212359,1.9679617333808086
509,9.779386862212359,1.9679617333808108
510,9.779386862212359,1.9679617333808026
511,9.77938686221236,1.9679617333808082
512,9.77938686221236,1.9679617333808097
513,9.77938686221236,1.9679617333808124
514,9.77938686221236,1.9679617333808088
515,9.77938686221236,1.967961733380803
516,9.77938686221236,1.967961733380803
517,9.782842325679503,2.006263063670788
518,9.782842325679505,2.0062630636707928
519,9.782842325679505,2.0062630636707897
520,9.782842325679505,2.006263063670792
521,9.782842325679505,2.0062630636707937
522,9.782842325679505,2.006263063670793
523,9.782842325679505,2.00626306367079
524,9.782842325679505,2.0062630636707937
525,9.782842325679505,2.0062630636707968
526,9.782842325679505,2.0062630636707923
527,9.782842325679505,2.0062630636707968
528,9.782842325679503,2.0062630636708
529,9.782842325679498,2.0062630636708105
530,9.782842325679509,2.0062630636706675
531,9.782842325679507,2.0062630636706724
532,9.782842325679509,2.006263063670677
533,9.782842325679509,2.006263063670674
534,9.782842325679509,2.0062630636706738
535,9.782842325679503,2.0062630636706524
536,9.782842325679503,2.006263063670655
537,9.782842325679502,2.006263063670661
538,9.782842325679493,2.006263063670681
539,9.782842325679495,2.006263063670676
540,9.782842325679496,2.00626306367068
541,9.782842325679498,2.006263063670688
542,9.7828423256795,2.0062630636706915
543,9.7828423256795,2.00626306367069
544,9.782842325679498,2.0062630636706955
545,9.782842325679496,2.006263063670692
546,9.782842325679496,2.0062630636706924
547,9.782842325679496,2.0062630636706893
548,9.782842325679496,2.006263063670697
549,9.782842325679496,2.006263063670697
550,9.782842325679496,2.0062630636706986
551,9.782842325679496,2.0062630636706964
552,9.782842325679496,2.00626306367069
553,9.782842325679496,2.0062630636706924
554,9.782842325679496,2.006263063670693
555,9.782842325679496,2.0062630636706924
556,9.782842325679496,2.0062630636706977
557,9.782842325679496,2.0062630636706946
558,9.7828423256795,2.0062630636706986
559,9.782842325679498,2.006263063670697
560,9.7828423256795,2.0062630636706915
561,9.782842325679493,2.0062630636706995
562,9.782842325679493,2.006263063670701
563,9.78284232567949,2.0062630636706955
564,9.78284232567949,2.0062630636706937
565,9.78284232567949,2.0062630636706955
566,9.78284232567949,2.0062630636707004
567,9.782842325679491,2.006263063670699
568,9.782842325679491,2.006263063670698
569,9.782842325679496,2.0062630636707186
570,9.782842325679496,2.0062630636707226
571,9.782842325679496,2.00626306367072
572,9.782842325679496,2.006263063670724
573,9.782842325679496,2.00626306367072
574,9.782842325679495,2.0062630636707186
575,9.782842325679495,2.0062630636707195
576,9.782842325679493,2.0062630636707173
577,9.782842325679493,2.0062630636707124
578,9.782842325681065,2.0062630636723493
579,9.782842445170784,2.006263122839938
580,9.782842445170784,2.00626312283994
581,9.78284244517081,2.0062631228399828
582,9.782842445170807,2.0062631228399836
583,9.782842445171065,2.006263122840697
584,9.782842445171065,2.006263122840701
585,9.782842445050795,2.006263122912218
586,9.782842445050795,2.0062631229122188
587,9.78284244505074,2.006263122912347
588,9.782842445050736,2.00626312291235
589,9.782842445050738,2.006263122912354
590,9.782842445050738,2.006263122912353
591,9.782842445050736,2.0062631229123506
592,9.78284244505074,2.00626312291236
593,9.782895515216397,2.006321629598672
594,9.782895515243743,2.0063216297245363
595,9.782895515501343,2.0063216339898293
596,9.790116124945127,2.0087224797374534
597,9.790970071304338,2.0114489078896787
598,9.83845014644673,2.0676569684251467
599,9.900223263549199,2.189979927041064
600,9.900186173982062,2.189997552241857
601,9.901158840188929,2.192812633708794
602,9.927293354801593,2.2016428293855914
603,9.927310218725632,2.20185330541228
604,9.927302510353195,2.2018748409553757
605,10.13664680929765,2.283838494776768
606,10.255430622700239,2.328302500535588
607,10.266793486752745,2.339571092965138
608,10.266787110732722,2.3395745135061303
609,10.268289918479184,2.3403334712018755
610,10.388229757083435,2.3619209520186684
611,10.502280620481764,2.402089916149018
612,10.505823209175084,2.44834194367967
613,10.780549821291531,2.558086630284427
614,10.776892630217706,2.5597401857713855
615,10.776892622647665,2.5597401888438247
616,10.776892622647662,2.559740188843828
617,10.776892622647667,2.5597401888438394
618,10.776892622647667,2.559740188843838
619,10.77689262264767,2.5597401888438363
620,10.77689262264767,2.5597401888438367
621,10.77689262264767,2.5597401888438367
622,10.77689262264767,2.5597401888438367
623,10.776892622647674,2.5597401888438336
624,10.776892622647676,2.5597401888438354
625,10.776892623146802,2.5597401890123037
626,10.776892623146804,2.5597401890123033
627,10.776892625078409,2.559740191348907
628,10.776892951163491,2.5597404630820897
629,10.776893104517447,2.5597408462203797
630,10.776987388983034,2.5598136457759546
631,10.780676506266477,2.564142964681413
632,10.780676501161187,2.5641429661305457
633,10.780676501158696,2.5641429661319837
634,10.780676501158698,2.564142966131983
635,10.780676501158698,2.564142966131985
636,10.780676501158698,2.564142966131985
637,10.780676501159437,2.5641429661322053
638,10.780676501159434,2.5641429661322093
639,10.780676501159434,2.5641429661322093
640,10.780676501159434,2.5641429661322093
641,10.780676501159434,2.564142966132207
642,10.780676501159432,2.564142966132208
643,10.780676501159432,2.564142966132206
644,10.780676501159437,2.564142966132203
645,10.780676501159437,2.564142966132204
646,10.780676501159437,2.564142966132204
647,10.78067650115945,2.564142966132188
648,10.780676501159451,2.564142966132186
649,10.780676501159451,2.5641429661321875
650,10.780676501159455,2.56414296613219
651,10.780676501159455,2.5641429661321937
652,10.780676501159455,2.5641429661321955
653,10.780676501159455,2.5641429661321964
654,10.780676501159455,2.5641429661321964
655,10.780676501159457,2.5641429661321937
656,10.780676501159457,2.5641429661321937
657,10.780676501159457,2.5641429661321964
658,10.780676501159457,2.564142966132197
659,10.780676501159457,2.564142966132196
660,10.780676501159455,2.5641429661321946
661,10.780676501159455,2.564142966132192
662,10.78067650115945,2.5641429661321875
663,10.780676501159453,2.5641429661321826
664,10.780676501159453,2.5641429661321835
665,10.780676501159457,2.5641429661321866
666,10.780676501159457,2.564142966132185
667,10.780676501159453,2.564142966132179
668,10.780676501159453,2.5641429661321795
669,10.780676501159453,2.56414296613218
670,10.780676501159453,2.564142966132182
671,10.780676501159453,2.5641429661321813
672,10.780676501159453,2.5641429661321795
673,10.780676501159451,2.5641429661321804
674,10.780676501159451,2.5641429661321835
675,10.780676501159451,2.564142966132181
676,10.780676501159451,2.5641429661321786
677,10.780676501159453,2.564142966132177
678,10.780676501159453,2.564142966132177
679,10.780676501159457,2.5641429661321817
680,10.780676501159457,2.5641429661321813
681,10.780676501159459,2.5641429661321746
682,10.780676501159459,2.564142966132175
683,10.780676501159459,2.5641429661321773
684,10.780676501159459,2.5641429661321773
685,10.780676501159459,2.564142966132175
686,10.780676501159453,2.564142966132182
687,10.780676501159453,2.5641429661321835
688,10.780676501159455,2.564142966132189
689,10.780676501159455,2.564142966132187
690,10.780676501159455,2.564142966132187
691,10.780676501159455,2.564142966132186
692,10.780676501159455,2.564142966132186
693,10.780676501159457,2.5641429661321937
694,10.780676501159453,2.5641429661321906
695,10.780676501159457,2.5641429661321973
696,10.780676501159457,2.5641429661321977
697,10.780676501159457,2.5641429661322093
698,10.780676501159451,2.564142966132204
699,10.780676501159451,2.564142966132206
700,10.780676501159451,2.564142966132204
701,10.780676501159453,2.5641429661322026
702,10.780676501159453,2.564142966132201
703,10.780676501159457,2.564142966132207
704,10.780676501159457,2.5641429661322075
705,10.780676501159462,2.5641429661321995
706,10.78067650115946,2.564142966132202
707,10.78067650115946,2.564142966132199
708,10.78067650115946,2.564142966132198
709,10.78067650115946,2.564142966132198
710,10.780676501159464,2.5641429661321946
711,10.780676501159462,2.5641429661321964
712,10.780676501159462,2.564142966132197
713,10.782560113294812,2.5138561629451117
714,10.782560113294814,2.5138561629451144
715,10.782560113294814,2.5138561629451157
716,10.782560113294814,2.5138561629451126
717,10.782560113294815,2.513856162945114
718,10.782560113294817,2.513856162945118
719,10.782560113294817,2.513856162945118
720,10.78256011329482,2.5138561629451117
721,10.782560113294826,2.513856162945123
722,10.782560113294831,2.5138561629451277
723,10.782560113294831,2.5138561629451277
724,10.782560113294831,2.5138561629451255
725,10.782560113294831,2.513856162945129
726,10.78256011329483,2.513856162945125
727,10.78256011329483,2.5138561629451237
728,10.78256011329483,2.513856162945122
729,10.78256011329483,2.513856162945123
730,10.78256011329483,2.513856162945122
731,10.782560113294826,2.5138561629451184
732,10.782560113294826,2.5138561629451184
733,10.782560113294826,2.5138561629451166
734,10.782560113294826,2.513856162945117
735,10.782560113294828,2.513856162945113
736,10.782560113294828,2.513856162945114
737,10.782560113294828,2.5138561629451166
738,10.78256011329483,2.51385616294512
739,10.78256011329483,2.5138561629451215
740,10.78256011329483,2.513856162945122
741,10.78256011329483,2.5138561629451064
742,10.782560113294828,2.5138561629451086
743,10.782560113294828,2.513856162945107
744,10.782560113294824,2.513856162945111
745,10.782560113294824,2.5138561629451153
746,10.782560113294823,2.5138561629451224
747,10.782560113294823,2.5138561629451184
748,10.782560113294819,2.513856162945124
749,10.782560113294814,2.513856162945111
750,10.782560113294814,2.513856162945117
751,10.782560113294815,2.513856162945123
752,10.782560113294815,2.513856162945124
753,10.782560113294819,2.513856162945112
754,10.782560113294828,2.513856162945098
755,10.782560113294839,2.5138561629450606
756,10.782560113301718,2.513856162917241
757,10.782560113300365,2.513856162898496
758,10.78256011330033,2.5138561628983407
759,10.782560147666644,2.5138560946597694
760,10.78256035150214,2.513855495651274
761,10.782560349406578,2.5138554860639015
762,10.782561816080896,2.5138503502066265
763,10.782561816062055,2.513850350180596
764,10.782561817302378,2.513850346419937
765,10.782561817302279,2.5138503464197925
766,10.78256181730226,2.5138503464195847
767,10.78256181730226,2.5138503464195834
768,10.782561817302259,2.513850346419576
769,10.782561817302259,2.5138503464195714
770,10.782561817302257,2.5138503464195687
771,10.782561817302259,2.5138503464195727
772,10.782561817302259,2.5138503464195834
773,10.782561817302259,2.5138503464195803
774,10.782561817302257,2.5138503464195763
775,10.782561817302259,2.5138503464195727
776,10.78256181730226,2.513850346419574
777,10.782561817302263,2.5138503464195696
778,10.782561817302264,2.513850346419566
779,10.78256181730226,2.5138503464195736
780,10.78256181730226,2.5138503464195767
781,10.78256181730226,2.513850346419582
782,10.782561817302257,2.513850346419574
783,10.782561817302255,2.5138503464195776
784,10.782561817302259,2.513850346419585
785,10.782561817302263,2.513850346419591
786,10.782561817302263,2.5138503464195923
787,10.782561817302259,2.513850346419587
788,10.782561817302259,2.513850346419589
789,10.782561817302259,2.5138503464195874
790,10.782561817302259,2.513850346419585
791,10.782561817302259,2.513850346419585
792,10.782561817302257,2.513850346419587
793,10.782561817302257,2.5138503464195883
794,10.782561817302257,2.513850346419586
795,10.782561817302248,2.5138503464196007
796,10.782561817302248,2.5138503464196
797,10.782561817302248,2.5138503464195967
798,10.782561817302248,2.5138503464195856
799,10.782561817302248,2.5138503464195883
800,10.782561817302248,2.513850346419585
801,10.782561817302245,2.5138503464195785
802,10.782561817302247,2.513850346419582
803,10.782561817302248,2.513850346419578
804,10.782561817302264,2.5138503464195514
805,10.782561817302266,2.5138503464195474
806,10.782561817302266,2.513850346419541
807,10.782561817302266,2.513850346419547
808,10.782561817302266,2.5138503464195376
809,10.782561817302266,2.5138503464195376
810,10.782561817302264,2.513850346419533
811,10.782561817302263,2.51385034641953
812,10.782561817302263,2.513850346419525
813,10.782561817302264,2.513850346419522
814,10.782561817302263,2.5138503464195145
815,10.782561817302263,2.5138503464195145
816,10.782561817302263,2.513850346419509
817,10.782561817302263,2.513850346419509
818,10.782561817302263,2.513850346419515
819,10.782561817302263,2.513850346419514
820,10.782561817302263,2.5138503464195194
821,10.782561817302263,2.5138503464195225
822,10.782561817302263,2.5138503464195256
823,10.78256181730226,2.5138503464195305
824,10.782561817302259,2.5138503464195354
825,10.782561817302259,2.5138503464195385
826,10.782561817302257,2.5138503464195323
827,10.782561817302595,2.5138503464192623
828,10.782562118285105,2.513849941643931
829,10.782562662460897,2.5138459550321195
830,10.782562780648817,2.5138366937368963
831,10.78256277226785,2.5138366683215176
832,10.782585717495227,2.513777091516403
833,10.78260055801109,2.513685325162318
834,10.782597850655105,2.5136730500961457
835,10.783485486548686,2.5113638427954106
836,10.787614209228265,2.498273061176163
837,10.787080642324241,2.489964001858638
838,10.787078815616672,2.489960749637655
839,10.787078804869749,2.4899607123929686
840,10.787079309340033,2.4899589605090626
841,10.787079309097457,2.489958959954078
842,10.78707930909581,2.489958959949996
843,10.787079309095795,2.489958959949938
844,10.787079309095793,2.4899589599499015
845,10.787079310856603,2.4899589558566353
846,10.78707931640221,2.4899589345911886
847,10.787079316402208,2.489958934591187
848,10.787079316402208,2.489958934591189
849,10.787079316402618,2.489958934590441
850,10.787084969561445,2.489952612248614
851,10.78708840186726,2.489922162179941
852,10.787109976922858,2.489813769599934
853,10.787100253550838,2.4897322740336354
854,10.787099872241415,2.489719868619477
855,10.787174444947459,2.4893819184998844
856,10.787167164243513,2.4890940966029005
857,10.792581000921894,2.5079157688595575
858,10.792589561474259,2.50754940501398
859,10.79259107227462,2.507477254412803
860,10.792590739265107,2.5074761815641797
861,10.79259072657281,2.507476002143132
862,10.792590725931777,2.507475997633143
863,10.792590725721842,2.5074759958645303
864,10.792590725721828,2.5074759958645085
865,10.79259072572183,2.5074759958645276
866,10.792590725721825,2.5074759958645227
867,10.79259072572181,2.5074759958645476
868,10.792590725721812,2.50747599586455
869,10.792590725721812,2.507475995864552
870,10.792590725721816,2.507475995864548
871,10.792590725721816,2.5074759958645494
872,10.792590725721816,2.5074759958645423
873,10.792590725722132,2.507475995863243
874,10.792590784800714,2.5074758646453885
875,10.792590894417648,2.507474818903786
876,10.792590900935387,2.5074746840534523
877,10.792590900884495,2.507474683932606
878,10.792590911956632,2.5074746493287106
879,10.792593364389603,2.5074684642254588
880,10.792593738881322,2.507460505070745
881,10.792593726090235,2.5074604227387263
882,10.792593726090473,2.507460263359791
883,10.792593725910496,2.5074602614154995
884,10.792593729367544,2.5074602434979147
885,10.792593729330466,2.507460242959555
886,10.792593745393738,2.507460191969668
887,10.792593745393555,2.5074601919693125
888,10.792593745393571,2.507460191968761
889,10.792595016412342,2.50745808819173
890,10.792599050492672,2.5074425837991887
891,10.792599047542248,2.5074425739334396
892,10.79259904752235,2.507442573907096
893,10.792599047522339,2.507442573907063
894,10.792599047522343,2.507442573907069
895,10.792599047522366,2.5074425739069754
896,10.792599047522364,2.5074425739069293
897,10.792599047522367,2.5074425739069395
898,10.792599047522373,2.5074425739069066
899,10.792599047522371,2.507442573906902
900,10.79259904752237,2.5074425739069124
901,10.792599047522371,2.507442573906914
902,10.79259904752237,2.507442573906918
903,10.792599047522362,2.507442573906896
904,10.792599047522362,2.5074425739069035
905,10.792599047522454,2.5074425739067006
906,10.792599047522454,2.507442573906701
907,10.792599047522454,2.5074425739067037
908,10.792599047522453,2.5074425739066966
909,10.792599047522453,2.507442573906695
910,10.792599047522453,2.507442573906699
911,10.792599047522451,2.5074425739067046
912,10.792599047522462,2.5074425739066304
913,10.792599047523247,2.5074425739042008
914,10.792599047522934,2.507442573899891
915,10.792599047604051,2.5074425734585417
916,10.792599047606119,2.5074425734327837
917,10.79259904760611,2.5074425734327663
918,10.792599047606112,2.5074425734327566
919,10.792599047606112,2.5074425734327512
920,10.792599047606114,2.507442573432758
921,10.792599047606114,2.5074425734327614
922,10.792599047606117,2.5074425734327663
923,10.79259904760612,2.5074425734327703
924,10.79259904760612,2.5074425734327734
925,10.79259904760612,2.507442573432772
926,10.79259904760612,2.507442573432767
927,10.79259904760612,2.507442573432768
928,10.792599047606123,2.5074425734327734
929,10.792599047606123,2.5074425734327725
930,10.792599047606117,2.5074425734327788
931,10.792599047606117,2.5074425734327788
932,10.792599047606117,2.50744257343278
933,10.792599047606119,2.5074425734327823
934,10.792599047606123,2.5074425734327774
935,10.792599047606124,2.50744257343278
936,10.792599047606128,2.507442573432775
937,10.792599047606128,2.507442573432774
938,10.792599047606132,2.507442573432769
939,10.792599047606132,2.5074425734327694
940,10.792599047606133,2.5074425734327663
941,10.792599047606133,2.5074425734327703
942,10.792599047606133,2.50744257343277
943,10.792599047606132,2.507442573432761
944,10.792599047606132,2.5074425734327592
945,10.792599047606135,2.507442573432765
946,10.792599047606135,2.5074425734327628
947,10.792599047606164,2.5074425734326953
948,10.792599047606162,2.5074425734327024
949,10.792599047606165,2.50744257343269
950,10.792599047606167,2.5074425734326864
951,10.792599047606167,2.5074425734326837
952,10.792599047606165,2.5074425734326784
953,10.792599047606164,2.5074425734326837
954,10.792599047606164,2.5074425734326797
955,10.792599047606165,2.507442573432688
956,10.792599047606165,2.5074425734326886
957,10.792599047606165,2.507442573432688
958,10.792599047606165,2.507442573432685
959,10.792599047606165,2.5074425734326677
960,10.792599047606167,2.5074425734326624
961,10.792599047606167,2.507442573432654
962,10.792599047606167,2.507442573432648
963,10.792599047606167,2.5074425734326513
964,10.792599047606165,2.5074425734326367
965,10.792599047606165,2.5074425734326367
966,10.792599047606164,2.507442573432635
967,10.792599047606162,2.50744257343263
968,10.792599047606164,2.5074425734326264
969,10.792599047606164,2.5074425734326233
970,10.792599047606164,2.5074425734326216
971,10.792599047606164,2.507442573432622
972,10.792599047606162,2.507442573432624
973,10.792599047606158,2.5074425734326424
974,10.79259904760616,2.507442573432681
975,10.792599047606156,2.5074425734326877
976,10.792599047606156,2.507442573432684
977,10.792599047606158,2.5074425734326673
978,10.792599047606158,2.507442573432663
979,10.792599047606158,2.5074425734326673
980,10.792599047606158,2.507442573432665
981,10.792599047606158,2.5074425734326624
982,10.792599047606164,2.5074425734326784
983,10.792599047606164,2.5074425734326926
984,10.792599047606164,2.50744257343269
985,10.792599047606162,2.507442573432697
986,10.79259904760616,2.50744257343271
987,10.792599047606162,2.5074425734327046
988,10.792416886074395,2.501930648460723
989,10.792416886074395,2.5019306484607244
990,10.792416886074399,2.5019306484607173
991,10.792416886074406,2.5019306484606756
992,10.792416886074406,2.5019306484606614
993,10.792416886074408,2.5019306484606663
994,10.792416886074408,2.5019306484606623
995,10.792416886074408,2.5019306484606645
996,10.792416886074406,2.5019306484606694
997,10.792416886074406,2.5019306484606716
998,10.79241688607441,2.5019306484606587
999,10.79241688608596,2.5019306484487096
1000,10.792416886085958,2.501930648448606
1001,10.792416886085974,2.5019306484486763
1002,10.792416886086038,2.5019306484480652
1003,10.792416886086032,2.5019306484480492
1004,10.792416886086034,2.5019306484480603
1005,10.792416886085995,2.501930648448
1006,10.79241688608599,2.5019306484479946
1007,10.79241688608599,2.501930648447991
1008,10.79241688608599,2.5019306484479977
1009,10.792416886085993,2.5019306484479884
1010,10.792416886085993,2.5019306484479835
1011,10.792416886085993,2.501930648447982
1012,10.792416886085993,2.5019306484479844
1013,10.792416886085993,2.5019306484479786
1014,10.792416886085993,2.5019306484479817
1015,10.792416886085995,2.50193064844799
1016,10.792416886085997,2.5019306484479933
1017,10.792416886085995,2.5019306484479973
1018,10.792416886085995,2.5019306484479924
1019,10.792416886085995,2.5019306484479893
1020,10.792416886085995,2.5019306484479817
1021,10.792416886085995,2.501930648447975
1022,10.792416886085999,2.5019306484479875
1023,10.792416886085993,2.501930648448004
1024,10.792416886085997,2.501930648447984
1025,10.792416886085991,2.5019306484479977
1026,10.79241688608595,2.5019306484481314
1027,10.792416886085947,2.501930648448125
1028,10.792416886085947,2.5019306484481234
1029,10.792416886085947,2.501930648448125
1030,10.792416886085947,2.5019306484481216
1031,10.79241688608595,2.501930648448113
1032,10.792416886085915,2.5019306484478534
1033,10.792416886085919,2.501930648447863
1034,10.792416886085919,2.5019306484478756
1035,10.792416886085924,2.5019306484478827
1036,10.792416886085924,2.5019306484478743
1037,10.792416886085922,2.5019306484478654
1038,10.79241688608592,2.5019306484478703
1039,10.792416886085919,2.5019306484478636
1040,10.792416886085919,2.5019306484478663
1041,10.79241688608592,2.5019306484478747
1042,10.79241688608592,2.5019306484478823
1043,10.79241688608592,2.5019306484478756
1044,10.79241688608592,2.5019306484478805
1045,10.792416886085917,2.5019306484478747
1046,10.792416886085917,2.5019306484478756
1047,10.792416886085919,2.5019306484478694
1048,10.792416886085919,2.5019306484478756
1049,10.792416886085912,2.5019306484478987
1050,10.792416886085912,2.5019306484478974
1051,10.792416886085912,2.501930648447897
1052,10.792416886085908,2.5019306484478916
1053,10.792416886085908,2.5019306484478943
1054,10.792416886085908,2.501930648447901
1055,10.792416886085908,2.5019306484478974
1056,10.792416886085906,2.501930648447883
1057,10.792416886085906,2.5019306484478836
1058,10.792416886085908,2.5019306484478814
1059,10.79236501474512,2.504019146218121
1060,10.792365014745123,2.5040191462181145
1061,10.792365014745123,2.5040191462181216
1062,10.792365014745123,2.504019146218115
1063,10.792365014745126,2.5040191462181234
1064,10.792365014745123,2.5040191462181336
1065,10.79236501474512,2.5040191462181216
1066,10.792365014745119,2.5040191462181256
1067,10.792365014745117,2.5040191462181394
1068,10.792365014745126,2.5040191462181047
1069,10.792365014745126,2.5040191462180994
1070,10.792365014745119,2.504019146218056
1071,10.792365014745119,2.5040191462180528
1072,10.792365014745117,2.5040191462180474
1073,10.792365014745126,2.5040191462180306
1074,10.792365014745133,2.504019146217997
1075,10.792365014745176,2.50401914621775
1076,10.792365014745172,2.5040191462177033
1077,10.792365014745178,2.5040191462176606
1078,10.792365014745176,2.504019146217652
1079,10.792365014745176,2.5040191462176478
1080,10.792365014745183,2.504019146217393
1081,10.792365014745188,2.5040191462172943
1082,10.792365014745188,2.504019146217286
1083,10.792365014745183,2.5040191462172694
1084,10.792365014745185,2.5040191462172525
1085,10.792365014745185,2.5040191462172596
1086,10.792365014746794,2.5040191462142114
1087,10.792365014746784,2.504019146214065
1088,10.792365014751379,2.5040191461903194
1089,10.792365014751365,2.5040191461902417
1090,10.792365014752333,2.5040191461829338
1091,10.792365014752445,2.5040191461815167
1092,10.792365014832317,2.5040191457313896
1093,10.792365014832136,2.5040191457303846
1094,10.792365014832132,2.5040191457303025
1095,10.792365014832134,2.504019145730312
1096,10.792365014835196,2.5040191457213217
1097,10.792365014835134,2.5040191457199343
1098,10.792365014835129,2.5040191457199095
1099,10.79236501483514,2.504019145719841
1100,10.792365014835143,2.504019145719854
1101,10.792365014835141,2.5040191457198597
1102,10.792365014835289,2.504019145719209
1103,10.792365014835275,2.5040191457191763
1104,10.792365014835273,2.504019145719187
1105,10.792365014835273,2.5040191457192105
1106,10.792365014835275,2.504019145719241
1107,10.792365014835271,2.5040191457192496
1108,10.792365014835271,2.504019145719256
1109,10.792365014835267,2.5040191457192433
1110,10.792365014835266,2.5040191457192176
1111,10.792365014835275,2.50401914571923
1112,10.792365014835275,2.504019145719234
1113,10.792365014835273,2.504019145719227
1114,10.79236501483526,2.5040191457193144
1115,10.792365014835262,2.50401914571931
1116,10.792365014835262,2.5040191457193277
1117,10.79236501483526,2.504019145719321
1118,10.792365014835337,2.5040191457191514
1119,10.79236501483533,2.50401914571918
1120,10.79236501483533,2.5040191457191607
1121,10.792365014835331,2.5040191457191363
1122,10.79236501483533,2.504019145719126
1123,10.792365014835962,2.504019145718209
1124,10.79236501483598,2.5040191457176775
1125,10.79236501828806,2.5040191368727474
1126,10.792365018287938,2.5040191368725186
1127,10.792365018891955,2.5040191352455734
1128,10.792365020393625,2.5040191207677998
1129,10.792365013075237,2.504019103983412
1130,10.79236501089946,2.50401909233298
1131,10.792365010899328,2.504019092332723
1132,10.79236501090689,2.504019092215972
1133,10.792365011155777,2.504019091204593
1134,10.79236501146548,2.5040190857367373
1135,10.792365015967096,2.5040190601895334
1136,10.792365015964423,2.504019060166493
1137,10.79236501596358,2.504019060074265
1138,10.79236501596349,2.5040190600739605
1139,10.792365015963519,2.5040190600732584
1140,10.792365015963538,2.504019060073132
1141,10.792365016001447,2.504019059870574
1142,10.792365123896799,2.504018554181914
1143,10.79236633779404,2.504015146769142
1144,10.792402975112802,2.503866487750634
1145,10.792392853776951,2.5038368403948756
1146,10.792392249409373,2.503834933493389
1147,10.792392295964662,2.5038332849991662
1148,10.79239256268688,2.5038266426990705
1149,10.79239696378352,2.503789879621504
1150,10.792396438204376,2.5037746598808197
1151,10.792396263035835,2.503774076358672
1152,10.792396257471728,2.5037740529031245
1153,10.792396259674572,2.503774001642838
1154,10.79239625978199,2.5037739954209473
1155,10.792396259727852,2.5037739929471186
1156,10.79239625972532,2.5037739929346072
1157,10.79239626002431,2.5037739897033275
1158,10.79239626002043,2.503773989666609
1159,10.792396262610982,2.503773982722109
1160,10.792396262985115,2.503773975374214
1161,10.792396262692206,2.5037739729998414
1162,10.792396262781368,2.50377397229065
1163,10.792396262777427,2.503773972269802
1164,10.792396262777078,2.5037739722690855
1165,10.792396262777068,2.50377397226904
1166,10.792396262777073,2.503773972269053
1167,10.792396262777073,2.503773972269033
1168,10.792396262777073,2.5037739722690553
1169,10.792396262777064,2.5037739722690864
1170,10.792396262777064,2.5037739722690917
1171,10.792396262777066,2.5037739722690966
1172,10.792396262777062,2.503773972269089
1173,10.792396262777062,2.503773972269087
1174,10.792396262777064,2.503773972269097
1175,10.79239626277706,2.503773972269087
1176,10.792396262777057,2.5037739722690757
1177,10.792396262777057,2.50377397226908
1178,10.792396262777055,2.5037739722690673
1179,10.792396262777043,2.5037739722690873
1180,10.792396262777048,2.5037739722691
1181,10.792396262777054,2.5037739722690606
1182,10.792396262777052,2.5037739722690424
1183,10.792396262777052,2.503773972269044
1184,10.79239626277705,2.5037739722690344
1185,10.792396262777086,2.5037739722689505
1186,10.792396262777086,2.5037739722689505
1187,10.792396262777086,2.5037739722689776
1188,10.792396262777082,2.503773972268989
1189,10.79239626277708,2.5037739722689802
1190,10.792396262777077,2.503773972268964
1191,10.792396262777078,2.503773972268988
1192,10.792396262777084,2.503773972268963
1193,10.792396262777084,2.5037739722689634
1194,10.792396262777084,2.503773972268958
1195,10.792396262777082,2.503773972268971
1196,10.792396262777082,2.5037739722689687
1197,10.792396262777075,2.503773972268923
1198,10.792396262777054,2.503773972268994
1199,10.792396262777055,2.5037739722689976
1200,10.792396262777059,2.5037739722689873
1201,10.792396262777077,2.5037739722689127
1202,10.792396262777071,2.5037739722689323
1203,10.792396262777071,2.503773972268979
1204,10.792396262777077,2.503773972268999
1205,10.792396262777075,2.5037739722690118
1206,10.792396262777078,2.5037739722690326
1207,10.79239626277708,2.5037739722690437
1208,10.792396262777078,2.5037739722690335
1209,10.792396262777075,2.5037739722690295
1210,10.792396262777075,2.5037739722690264
1211,10.792396262777075,2.503773972269016
1212,10.792396262777082,2.503773972269034
1213,10.792396262777078,2.503773972269027
1214,10.792396262777078,2.503773972269021
1215,10.792396262777077,2.503773972269027
1216,10.79239626277711,2.503773972268944
1217,10.792396262777112,2.50377397226892
1218,10.792396262777103,2.503773972268935
1219,10.792396262777105,2.5037739722689594
1220,10.7923962627771,2.5037739722689203
1221,10.792396262777112,2.50377397226896
1222,10.792396262777112,2.503773972268954
1223,10.792396262777139,2.5037739722688612
1224,10.792396262777135,2.50377397226889
1225,10.792396262777139,2.5037739722689194
1226,10.792396262777139,2.5037739722689163
1227,10.792396262867843,2.503773972149422
1228,10.792318008923036,2.5069848623510502
1229,10.792318008922551,2.50698486234517
1230,10.792318017012118,2.5069848385341875
1231,10.792318017012086,2.506984838534122
1232,10.792318017012084,2.5069848385341134
1233,10.79231801701208,2.506984838534075
1234,10.792318017012088,2.506984838534035
1235,10.792318017012088,2.506984838534044
1236,10.792318017012088,2.5069848385340436
1237,10.792318017012104,2.5069848385339624
1238,10.792318017012102,2.5069848385339726
1239,10.792318017012102,2.5069848385339775
1240,10.7923180170121,2.506984838533972
1241,10.792318017012034,2.506984838533763
1242,10.79231801701204,2.506984838533748
1243,10.79231801701204,2.5069848385337394
1244,10.792318017012038,2.5069848385337474
1245,10.79231801701203,2.506984838533734
1246,10.792318017012027,2.5069848385337274
1247,10.792108430680054,2.463508768519278
1248,10.792108430680067,2.463508768519295
1249,10.792108430680068,2.463508768519323
1250,10.792108430680063,2.4635087685193366
1251,10.792108430680072,2.4635087685193966
1252,10.792108430680083,2.4635087685194135
1253,10.792108430680152,2.4635087685199304
1254,10.792108430680251,2.4635087685204904
1255,10.79210843068025,2.46350876852053
1256,10.792108430680257,2.4635087685204895
1257,10.792108430680253,2.4635087685205153
1258,10.792108430680253,2.4635087685205304
1259,10.792108430680253,2.4635087685205446
1260,10.79210843068027,2.4635087685206627
1261,10.792108430680273,2.463508768520657
1262,10.792108430680257,2.4635087685207626
1263,10.792108430680257,2.463508768520728
1264,10.792108430680253,2.46350876852074
1265,10.792108430680278,2.463508768520343
1266,10.79210843068027,2.463508768520321
1267,10.792108430680262,2.463508768520276
1268,10.792108430680265,2.4635087685203305
1269,10.792108593568136,2.4635090470729084
1270,10.792108657441627,2.4635097151514955
1271,10.79220879913727,2.4637248047753473
1272,10.792206758388167,2.463731800654303
1273,10.792229990344714,2.4637974144471837
1274,10.792308050714226,2.464013063793792
1275,10.79230351032426,2.4640291524094176
1276,10.792339390709978,2.4643106002586856
1277,10.799071970326185,2.4774358645271026
1278,10.798710948032761,2.48978534865098
1279,10.798372475916226,2.493628809839374
1280,10.798371348595749,2.4936306198104545
1281,10.798371340507991,2.493630654009049
1282,10.798371340632977,2.4936306545312688
1283,10.798371361139136,2.4936306910982724
1284,10.798371361793112,2.493630700703763
1285,10.798371361730608,2.493630700994675
1286,10.798371361730581,2.4936307009947387
1287,10.798371361730581,2.4936307009947347
1288,10.798371361730583,2.4936307009947396
1289,10.798371361730588,2.4936307009947303
1290,10.798371361730597,2.493630700994697
1291,10.798371361730597,2.4936307009947196
1292,10.798444514682847,2.512300949122429
1293,10.79844451468332,2.512300949124354
1294,10.798444514683382,2.5123009491242385
1295,10.798444514683434,2.51230094912415
1296,10.798444514683432,2.512300949124137
1297,10.798444514683437,2.5123009491241155
1298,10.798444514683425,2.512300949124164
1299,10.798444514683416,2.51230094912413
1300,10.798444514683416,2.51230094912413
1301,10.798444514683414,2.5123009491241146
1302,10.798444514683418,2.5123009491240955
1303,10.79844451468342,2.5123009491241035
1304,10.798444514683418,2.5123009491240476
1305,10.79844451468343,2.5123009491240675
1306,10.798444514683657,2.5123009491255863
1307,10.798445202472271,2.512302553666759
1308,10.798445201558923,2.512302561380755
1309,10.798445019917562,2.512303107229584
1310,10.798445019597885,2.5123031086394456
1311,10.811309695302922,2.523950177500236
1312,10.818234967975679,2.55406619441324
1313,10.820065686644876,2.6404476362602503
1314,10.819976639708198,2.6405696709229387
1315,10.817441764912228,2.645547219242032
1316,10.817441763878959,2.645547225387194
1317,10.817441780049995,2.645547304582574
1318,10.817441780040445,2.645547304602711
1319,10.817442744843333,2.645552550422981
1320,10.817442646496364,2.6455534285783053
1321,10.823609562660033,2.6655688659631855
1322,10.822927831815727,2.667217607137938
1323,10.822866371976412,2.6673093247759954
1324,10.822867321729174,2.6673108645504855
1325,10.822867322097547,2.6673108652948505
1326,10.822867322097494,2.6673108652950304
1327,10.822867322018658,2.667310865495298
1328,10.822867322018658,2.6673108654953004
1329,10.8228673218069,2.6673108662771607
1330,10.822867321808392,2.6673108663008045
1331,10.822867321808378,2.667310866300908
1332,10.822867321769298,2.667310866400093
1333,10.82286732176927,2.667310866400358
1334,10.82286732176927,2.6673108664003635
1335,10.82286732176903,2.6673108664012015
1336,10.822867321769026,2.667310866401182
1337,10.82286732176901,2.6673108664011527
1338,10.82286732176901,2.66731086640116
1339,10.822867321769015,2.667310866401174
1340,10.822867321769015,2.6673108664011687
1341,10.822867321769026,2.667310866401136
1342,10.82286732176902,2.6673108664011034
1343,10.82286732176902,2.667310866401103
1344,10.822867321769012,2.6673108664010803
1345,10.822867321791984,2.6673108664161935
1346,10.822867321791955,2.6673108664161664
1347,10.822867321791952,2.667310866416181
1348,10.822867321791948,2.6673108664161536
1349,10.822867321792046,2.6673108664162575
1350,10.822867321792005,2.667310866416597
1351,10.822867321791994,2.667310866416853
1352,10.822869270124686,2.667317579875739
1353,10.823060863088658,2.667558141516728
1354,10.823060861702604,2.667558143164205
1355,10.823060861702611,2.667558143164191
1356,10.823060862009871,2.6675581437778586
1357,10.823060861983963,2.6675581438179505
1358,10.82306086198396,2.6675581438180744
1359,10.823060861983938,2.6675581438182205
1360,10.823060862059728,2.6675581440088396
1361,10.823060862059721,2.6675581440088516
1362,10.823060862075323,2.6675581440422746
1363,10.823060862075318,2.6675581440423235
1364,10.823201015548927,2.667666233119539
1365,10.823202729101517,2.667673347651317
1366,10.823201881783127,2.6676762055408734
1367,10.823201881773443,2.667676205554024
1368,10.823201881290966,2.667676206520025
1369,10.82320188009982,2.667676213297441
1370,10.823201879865225,2.667676213950829
1371,10.823201879865241,2.6676762139507937
1372,10.82320187986592,2.667676213952078
1373,10.823201879871899,2.667676213994059
1374,10.823201879871883,2.6676762139940973
1375,10.823201879871931,2.667676213994012
1376,10.823201879871933,2.6676762139940258
1377,10.8232018798719,2.667676213994085
1378,10.823201879871903,2.667676213994096
1379,10.823201879873539,2.6676762139969608
1380,10.82320187987596,2.6676762140091057
1381,10.823201879876022,2.667676214009004
1382,10.823201879876821,2.6676762140113746
1383,10.823201879876805,2.6676762140122348
1384,10.823201879881298,2.6676762140257737
1385,10.823201884433272,2.667676219468535
1386,10.823206326401113,2.667689673875261
1387,10.823206336474442,2.667689703730471
1388,10.8232063330467,2.667689716756776
1389,10.823307495589656,2.667867303373092
1390,10.823406449612326,2.6681915850727407
1391,10.823310991042804,2.668389559049684
1392,10.823303603869165,2.6684678444915395
1393,10.823303603869142,2.668467844491558
1394,10.823303603869142,2.668467844491595
1395,10.823304719702397,2.668469453470762
1396,10.823304721696728,2.6684694647447285
1397,10.823304721694713,2.6684694647503178
1398,10.823304721724304,2.6684694659924824
1399,10.823304732231136,2.6684694834493063
1400,10.823304732150863,2.6684694839689276
1401,10.823304735138825,2.6684694879918145
1402,10.823304776638297,2.6684695451407303
1403,10.82330477683264,2.6684695454069636
1404,10.823304783127524,2.6684695633948468
1405,10.823304751402105,2.6684696473287675
1406,10.823684797296101,2.6690550546195704
1407,10.823683616141173,2.6690567378060557
1408,10.823683613533975,2.669060173280337
1409,10.823685341516505,2.669067047700013
1410,10.823685282113908,2.6690673590010614
1411,10.823686850569965,2.669071305397262
1412,10.82370206536841,2.669089241545808
1413,10.82370206526969,2.6690892417706853
1414,10.823702064058,2.669089253810052
1415,10.823702064049455,2.6690892538191062
1416,10.823702064049629,2.6690892541914697
1417,10.823702063848172,2.669089258767204
1418,10.82370207919547,2.6690893232409483
1419,10.823702079160373,2.6690893236302533
1420,10.82370207896691,2.669089324263546
1421,10.823702085369012,2.669089418205191
1422,10.823702080547921,2.6690894534849083
1423,10.823702134452208,2.669089648675163
1424,10.824108150246893,2.6701480967378264
1425,10.824159576321742,2.67437787128278
1426,10.835447958024924,2.697985552725513
1427,10.836003187020566,2.7173319607804043
1428,10.834936770044775,2.7206277648438366
1429,10.843328246259075,2.737031110122621
1430,10.843325396115576,2.737033302890799
1431,10.8433252778115,2.7370338036972726
1432,10.843325277217797,2.737033804908137
1433,10.843325281845587,2.737033823758259
1434,10.84332531454607,2.737034978047352
1435,10.843325295034921,2.73703612719852
1436,10.843325265996866,2.7370362216177266
1437,10.843325268173913,2.7370362273405884
1438,10.843325269660486,2.737036238777707
1439,10.843346019420824,2.737188807648354
1440,10.84335620112332,2.737255387054644
1441,10.84337248557272,2.73737501695665
1442,10.843698070691236,2.7383849269993474
1443,10.844083446157745,2.741942727467434
1444,10.848454873064274,2.760330992827021
1445,10.850068180726879,2.7743052767137883
1446,10.850064789266195,2.774311743808404
1447,10.850129455458674,2.774517371273523
1448,10.850098203934639,2.7745686560436735
1449,10.8500947205339,2.774577833693148
1450,10.850094648138702,2.7745783077279893
1451,10.850099830050565,2.7745952007580237
1452,10.850110476993324,2.7746540518812033
1453,10.850109976785392,2.7746551938458315
1454,10.850109976785486,2.7746551938459603
1455,10.850109976783738,2.7746551938586306
1456,10.850110039337137,2.774655335214728
1457,10.850155568032923,2.7747438012479866
1458,10.850200290352518,2.7748279836214054
1459,10.850191101916405,2.775049500855904
1460,10.850136711458472,2.7752629817631953
1461,10.850235963175237,2.77766421070651
1462,10.852825572524782,2.784226230142504
1463,10.852840366305445,2.784324072418601
1464,10.858607830801569,2.790400736475352
1465,10.859585231545333,2.8074004394411376
1466,10.861640380952679,2.8241075013543324
1467,10.86555663382077,2.845243081238358
1468,10.865506808109444,2.845770721199516
1469,10.86556840638608,2.8467377857291036
1470,10.871781460617397,2.8586016939794594
1471,10.870383244800468,2.861770369260468
1472,10.86812401955125,2.8673015343706276
1473,10.871199930120152,2.876295989312263
1474,10.878041785101349,2.8894237476991917
1475,10.87797363930903,2.893469605942259
1476,10.877626081529439,2.895094346010877
1477,10.877597950591914,2.8951659875758744
1478,10.87850129795184,2.8962780796977863
1479,10.902958071520054,2.91736544053526
1480,10.919103072256366,2.9612126641397736
1481,10.916735764383066,2.9823086547303963
1482,10.913031066486106,2.995227266796034
1483,10.920321979776848,3.018950963908446
1484,10.920230840133511,3.019061053097026
1485,10.920260915594536,3.0191558675395873
1486,10.922249206142991,3.0230719987270356
1487,10.92220975851869,3.0232657919813386
1488,10.922328629094753,3.0237017009711726
1489,10.92235769165264,3.0243024473211237
1490,10.924069419522379,3.030029450293291
1491,10.945063428237326,3.0613390078781566
1492,10.945099043511963,3.075245775233099
1493,10.945069325011378,3.075293342322865
1494,10.94507876478296,3.076507294785627
1495,10.945053793456465,3.076596527120181
1496,10.945597941161825,3.078925362367257
1497,10.945602212279507,3.079495420039805
1498,10.948219223320637,3.0850736089727313
1499,10.999754554697391,3.130037051224895
1500,10.999482723633554,3.148600428046774
1501,11.004153247581039,3.166547760615401
1502,11.030252299116059,3.1916302203306888
1503,11.030247790538725,3.1916399709336836
1504,11.03024714309199,3.191652388837886
1505,11.030285036742526,3.19173418075958
1506,11.034284458432229,3.195439618027917
1507,11.087568411938083,3.2349799324757065
1508,11.087185364112454,3.2431194138739587
1509,11.086928797408422,3.243328887642541
1510,11.08661031895059,3.244572106347469
1511,11.08661029546585,3.244572132520978
1512,11.08661029556722,3.2445721328932424
1513,11.086610295567217,3.244572132893245
1514,11.086610295567215,3.2445721328932544
1515,11.086610295567217,3.2445721328932473
1516,11.086610295567226,3.2445721328932646
1517,11.086610295567226,3.2445721328932593
1518,11.086610295567226,3.2445721328932566
1519,11.08661029556724,3.244572132893247
1520,11.086610295567244,3.2445721328932393
1521,11.086610295567244,3.2445721328932366
1522,11.086610295567244,3.244572132893246
1523,11.08661029556724,3.244572132893243
1524,11.086610295567246,3.2445721328932002
1525,11.086610295567247,3.244572132893203
1526,11.08661029556725,3.2445721328932002
1527,11.08661029556725,3.2445721328931754
1528,11.086610295567237,3.2445721328933868
1529,11.086610295567237,3.2445721328933983
1530,11.086610295567231,3.244572132893412
1531,11.086610295567231,3.2445721328934076
1532,11.086610295567228,3.2445721328933903
1533,11.086610295567224,3.2445721328933876
1534,11.086610295567224,3.244572132893389
1535,11.086610295567224,3.2445721328933876
1536,11.086610295567228,3.2445721328933947
1537,11.086610295567228,3.2445721328933907
1538,11.086610295567228,3.2445721328933894
1539,11.086610295567219,3.2445721328934
1540,11.086610295567219,3.2445721328934
1541,11.086610295567215,3.244572132893404
1542,11.086610295567212,3.244572132893394
1543,11.086610295567194,3.2445721328933734
1544,11.086610295567196,3.2445721328933788
1545,11.08661029557623,3.2445721329029413
1546,11.086611919323374,3.2445744339656337
1547,11.086613616154333,3.2445811294666664
1548,11.086612328309458,3.2445846314940883
1549,11.086613768612683,3.244598828089202
1550,11.086638149639544,3.244667971335016
1551,11.087146663916185,3.245760208193028
1552,11.0871160805438,3.2458713644323076
1553,11.087108589347975,3.2459583689410647
1554,11.091831041810197,3.252123198970639
1555,11.092327429098578,3.259914766486394
1556,11.091949999269946,3.2603660738096725
1557,11.091942511947613,3.2603782223599707
1558,11.091940685580042,3.2603866898485725
1559,11.091940675396504,3.2603867172623655
1560,11.091943913720588,3.2603921779719607
1561,11.091951115256197,3.260407787725503
1562,11.091952246014673,3.2604134170990133
1563,11.091952107980651,3.260413685558716
1564,11.091952107738674,3.2604136859803354
1565,11.091952107738399,3.2604136859811668
1566,11.091952107744515,3.2604136860205295
1567,11.09195210774444,3.260413686020761
1568,11.091952107744428,3.26041368602083
1569,11.091952107744508,3.260413686021033
1570,11.091952107744573,3.2604136860213027
1571,11.091952107744559,3.260413686021439
1572,11.091952107744568,3.2604136860214292
1573,11.091952107744566,3.2604136860214235
1574,11.091952107744568,3.260413686021409
1575,11.09195210774456,3.260413686021425
1576,11.09195210774464,3.2604136860212978
1577,11.09195210774464,3.2604136860212902
1578,11.09195210774464,3.2604136860212978
1579,11.091952107744635,3.2604136860212822
1580,11.091952107744635,3.260413686021293
1581,11.091952107744634,3.26041368602129
1582,11.09195210774463,3.2604136860212733
1583,11.091952107744632,3.2604136860212707
1584,11.09195210774463,3.2604136860212494
1585,11.091952107744628,3.2604136860212756
1586,11.091952107744623,3.2604136860212836
1587,11.091952107744605,3.2604136860213093
1588,11.091952107744596,3.2604136860212893
1589,11.091952107744596,3.2604136860212822
1590,11.09195210774458,3.2604136860214625
1591,11.091952107744595,3.260413686021451
1592,11.091952107744591,3.2604136860214563
1593,11.091952107744591,3.260413686021443
1594,11.091952107744593,3.2604136860214328
1595,11.0919521077446,3.260413686021391
1596,11.091952107744596,3.2604136860213737
1597,11.091952107744603,3.2604136860213355
1598,11.091952107744618,3.2604136860213515
1599,11.091952107744614,3.2604136860213435
1600,11.091952107744614,3.2604136860213315
1601,11.0919521077445,3.2604136860215043
1602,11.0919521077445,3.260413686021493
1603,11.0919521077445,3.2604136860214954
1604,11.0919521077445,3.260413686021496
1605,11.091952107744499,3.2604136860214936
1606,11.09195210774454,3.2604136860214314
1607,11.09195210774456,3.260413686021515
1608,11.091952107744572,3.2604136860215664
1609,11.091952107744566,3.2604136860215562
1610,11.091952107744564,3.260413686021563
1611,11.091952107744564,3.2604136860215784
1612,11.091952107744566,3.2604136860215824
1613,11.091952107744566,3.260413686021571
1614,11.09195210774457,3.260413686021563
1615,11.091952107744559,3.260413686021614
1616,11.091952107744545,3.2604136860215953
1617,11.091952107744545,3.2604136860215838
1618,11.091952107744541,3.260413686021595
1619,11.091952107744548,3.2604136860216046
1620,11.091952107744543,3.2604136860215935
1621,11.091952107744556,3.2604136860215767
1622,11.091952107744556,3.260413686021575
1623,11.09195210774452,3.2604136860216206
1624,11.091952107744522,3.2604136860216264
1625,11.09195210774449,3.2604136860216
1626,11.091952107744484,3.260413686021579
1627,11.09195210774449,3.2604136860215664
1628,11.09195210774449,3.260413686021565
1629,11.091952107744492,3.26041368602155
1630,11.091952107744484,3.2604136860215327
1631,11.09195210774449,3.260413686021548
1632,11.091952107744484,3.2604136860215327
1633,11.091952109924623,3.2604136876475547
1634,11.09195988528853,3.2604227352362405
1635,11.091959872837347,3.2604227892082105
1636,11.091959872800187,3.260422789258487
1637,11.091959872993998,3.2604227901495038
1638,11.091959872993915,3.260422790149725
1639,11.09195987299379,3.2604227901500646
1640,11.09195987299379,3.2604227901501885
1641,11.091959898186097,3.2604228231346912
1642,11.09195989818609,3.260422823134733
1643,11.091959898186083,3.260422823134825
1644,11.091959898186191,3.2604228231351846
1645,11.091959972090145,3.260422931426747
1646,11.091959972088711,3.2604229314609325
1647,11.091965576726947,3.2604296056763853
1648,11.091965374419184,3.2604333162701784
1649,11.091965174137323,3.260434239149338
1650,11.091965165431848,3.260434264094051
1651,11.091965189381138,3.2604344253984956
1652,11.091965189381124,3.2604344253985147
1653,11.091965190152282,3.2604344264115697
1654,11.091965190150626,3.2604344264936835
1655,11.091965190151127,3.260434426688103
1656,11.091965190220705,3.26043442682795
1657,11.091965191018287,3.260434429484512
1658,11.09196519102764,3.2604344295255716
1659,11.09196519102345,3.260434429646616
1660,11.091965191018339,3.26043442972514
1661,11.091965191017703,3.260434429728798
1662,11.091965191017628,3.260434429729236
1663,11.09196519102487,3.2604344297504615
1664,11.091965191024869,3.2604344297504633
1665,11.09196519102487,3.2604344297504606
1666,11.091965191053204,3.2604344297732695
1667,11.091965191053202,3.26043442977333
1668,11.091965191087185,3.260434429831903
1669,11.091965191051985,3.2604344304797976
1670,11.091965193600046,3.260434442506972
1671,11.091965193586987,3.2604344425274925
1672,11.091965193586983,3.2604344425279534
1673,11.091965193591028,3.2604344425588807
1674,11.091965193586377,3.260434442582321
1675,11.091965194286582,3.260434445332617
1676,11.091965238519371,3.260434699918615
1677,11.091965237086985,3.260434737091746
1678,11.09196523703433,3.260434737214789
1679,11.091972066390166,3.260442989005228
1680,11.093277979228525,3.261742847680298
1681,11.124558652991034,3.2912070084283322
1682,11.1361558540096,3.318349930239862
1683,11.135158281447913,3.3202833285778848
1684,11.138751756001442,3.3378645877236526
1685,11.141891297678995,3.3485150736975005
1686,11.141647261790377,3.3491257145979163
1687,11.141573255662726,3.3499388986612453
1688,11.141658979758844,3.3510593949071033
1689,11.141581118290937,3.3515037976204898
1690,11.14157848564595,3.351587221639995
1691,11.141650659320044,3.351904640181224
1692,11.142588809179529,3.3532669627941623
1693,11.14256053679296,3.3533724039063944
1694,11.143524087499634,3.35508411879264
1695,11.143515433704744,3.355226350644277
1696,11.149393254054694,3.3599970296178316
1697,11.156946125699886,3.3736343842510386
1698,11.223675487935783,3.4094332142640646
1699,11.220274441807288,3.417144599904668
1700,11.222617044565125,3.4315214390896656
1701,11.220390556301531,3.4357726738171515
1702,11.218063596759963,3.441230268463997
1703,11.225655046198462,3.4521004590360405
1704,11.243551956572782,3.4723036279108848
1705,11.24950366557986,3.4883297644737867
1706,11.339004772030764,3.55851976601702
1707,11.34191919212178,3.585564833015701
1708,11.341907825172312,3.585573163461374
1709,11.341975824285784,3.585737167804162
1710,11.341971246025638,3.58577279515038
1711,11.34200605386461,3.5859918660723165
1712,11.342004539796704,3.5859937656784777
1713,11.343316293756429,3.5874042370646095
1714,11.343289458484216,3.587508945411925
1715,11.343280910575906,3.587617113629982
1716,11.343198360835569,3.588364717109907
1717,11.343093549739137,3.5897545963568853
1718,11.343201680186407,3.590517976078922
1719,11.343199765845155,3.590520271497681
1720,11.343200557979259,3.590524187269088
1721,11.343257746333796,3.590639336726214
1722,11.343362285516971,3.590947514112107
1723,11.343357227862146,3.5909574036527325
1724,11.34335760902299,3.5909605183842808
1725,11.343424206795639,3.59112217403156
1726,11.367091586539283,3.6052606459572285
1727,11.507034352289127,3.6747561330731258
1728,11.506845623241599,3.6749836154720614
1729,11.508951537077774,3.692554210212181
1730,11.518555194432974,3.712361319596844
1731,11.51852622631209,3.7123833976785083
1732,11.52133565447793,3.714378573989309
1733,11.532908149481928,3.7313819200602847
1734,11.551683536466836,3.7386097094172857
1735,11.553923574150781,3.7390135662248394
1736,11.56456389342665,3.7506258804723887
1737,11.841802781868388,3.856378557748955
1738,11.82717830572526,3.871446484714819
1739,11.82160784210645,3.880192414519534
1740,11.81032691158433,3.8991262133308187
1741,11.840626455587557,3.9303928377672626
1742,11.840625572273956,3.9303932107801947
1743,11.84056857877738,3.9304731248742435
1744,11.864627033802542,3.945821113190109
1745,11.861115514664252,3.9542497019657645
1746,11.860444072420076,3.9553441030968863
1747,11.864656840345196,3.9597070189487993
1748,11.86650064696838,3.9705477379147256
1749,11.866257848939116,3.97804995935142
1750,11.866112589935309,3.9832969901943187
1751,11.891745266974377,4.002175371040652
1752,11.891720848356858,4.002188245768397
1753,11.891749061331202,4.0022341442686065
1754,11.891749504452438,4.00223694756813
1755,11.892001421192083,4.002445181226074
1756,11.892447236173867,4.003122050917599
1757,11.910748371135066,4.010955089812813
1758,11.911128721590464,4.012989192223712
1759,11.926694302282314,4.020606272658481
1760,11.926251433866186,4.020811603406773
1761,11.926584886373302,4.021199210478186
1762,11.926584307194746,4.021200644844905
1763,11.926517943591042,4.021403120598436
1764,11.926857393776638,4.021982974830527
1765,11.928140587615006,4.024227589217489
1766,11.928139453952241,4.0242282380179555
1767,11.928139453951747,4.024228238018178
1768,11.92813945395175,4.0242282380181855
1769,11.928139453951752,4.024228238018184
1770,11.928139453951756,4.02422823801819
1771,11.928139453951756,4.0242282380182015
1772,11.928139453951756,4.024228238018202
1773,11.928139453956206,4.024228238020509
1774,11.928139453957122,4.024228238028927
1775,11.928139922939359,4.024228539919079
1776,11.92813986029158,4.0242291041484926
1777,11.92813985904437,4.02422910733679
1778,11.928147986481553,4.024239646892254
1779,11.92814800445378,4.02424044523031
1780,11.92819421677658,4.0242741550192775
1781,11.93042489407495,4.025543546362645
1782,11.938790483665539,4.027372226468915
1783,11.938699502504088,4.029961506221898
1784,12.044308643481846,4.071553228464383
1785,12.057469675182741,4.093894251818336
1786,12.120035351377405,4.110123720075315
1787,12.120034112906412,4.110125660334513
1788,12.120034112844575,4.110125660355082
1789,12.120034112685206,4.110125660489781
1790,12.120047720861464,4.110131744921826
1791,12.120047516430333,4.110132188588361
1792,12.120048830650648,4.1101330222054235
1793,12.123402364786793,4.112439779659374
1794,12.122643411369404,4.11438844920618
1795,12.122764925698766,4.117953523998027
1796,12.122761110215446,4.1179548237375485
1797,12.122942178787179,4.118233070552772
1798,12.12311115163246,4.118813560020618
1799,12.12311114786984,4.118813561777639
1800,12.123111328695893,4.118813725754639
1801,12.123112954018026,4.1188179472055415
1802,12.123112953707173,4.118817947392024
1803,12.123112953707144,4.118817947392036
1804,12.123112953707157,4.118817947392028
1805,12.12311295370731,4.118817947392102
1806,12.123112953707286,4.118817947392319
1807,12.123112953707283,4.118817947392325
1808,12.123112953707315,4.11881794739239
1809,12.123112953707396,4.118817947392615
1810,12.12311295370747,4.11881794739299
1811,12.123112954490999,4.1188179479297045
1812,12.123113538655192,4.118818408047408
1813,12.12311374276137,4.118818817963576
1814,12.12922686117387,4.120843208985175
1815,12.132174586876701,4.125370144351268
1816,12.132174556455102,4.1253701543622165
1817,12.132174556445028,4.125370154370874
1818,12.132174556445007,4.125370154370883
1819,12.13217455644501,4.125370154370888
1820,12.132174556445014,4.125370154370886
1821,12.132174556444996,4.125370154370894
1822,12.132174556444994,4.125370154370891
1823,12.132174556444989,4.125370154370886
1824,12.132174556444994,4.1253701543708825
1825,12.132174556445005,4.125370154370889
1826,12.132174556445,4.125370154370904
1827,12.132174556445003,4.125370154370899
1828,12.132174556445003,4.1253701543708985
1829,12.132174556451627,4.125370154374637
1830,12.132174923332187,4.125370417336852
1831,12.132174923248,4.125370417981537
1832,12.132174924472505,4.1253704200167265
1833,12.132174916045143,4.12537045164314
1834,12.132174916044484,4.125370451645807
1835,12.132174917996107,4.125370452872789
1836,12.132174917062914,4.1253704549316765
1837,12.132174967487861,4.125370555221556
1838,12.132225634474416,4.125397729986913
1839,12.132225452987274,4.125400504345658
1840,12.132726426309867,4.125582527930075
1841,12.132724319240502,4.125595227348074
1842,12.13272582243477,4.125598801699244
1843,12.132725817695109,4.125598807854427
1844,12.132725817695075,4.125598807854438
1845,12.132725819973103,4.12559881042528
1846,12.132738152417836,4.125602986865188
1847,12.133317477780745,4.125993462263318
1848,12.133711307633549,4.126966761982788
1849,12.133507061314376,4.127294854905105
1850,12.134110726208133,4.128228543275539
1851,12.134236119453597,4.132542486627231
1852,12.135039162706256,4.13521830410476
1853,12.135306024438774,4.135438344110438
1854,12.135931079770453,4.143788252856664
1855,12.14443272479512,4.161804434751203
1856,12.146437647805788,4.17021021838152
1857,12.143966859416162,4.174157892022097
1858,12.200157164817407,4.21343876706582
1859,12.20038903257365,4.217464692945773
1860,12.201701174540517,4.219212177428811
1861,12.204977473881147,4.221907552828521
1862,12.205271734332563,4.224480568524077
1863,12.205161997919008,4.224577801501721
1864,12.20708895850316,4.227011036342557
1865,12.206122163507569,4.227516181021777
1866,12.206095039311085,4.227878976685772
1867,12.206092855647567,4.227881395589322
1868,12.20609284631176,4.22788140087616
1869,12.206112197307116,4.227897443327259
1870,12.206112186986209,4.227897451456161
1871,12.206112185199167,4.227897455461584
1872,12.206112185115257,4.227897455691471
1873,12.206112726863259,4.227897888537871
1874,12.206112726554785,4.227897889155
1875,12.206118131501846,4.227900627727113
1876,12.213335759163918,4.230997235633329
1877,12.213331755466976,4.231001760531329
1878,12.213358521369255,4.231059301962254
1879,12.213352140599598,4.23107489371767
1880,12.213917988860537,4.2315509106776945
1881,12.213917947921434,4.2315520422379755
1882,12.213917946774444,4.2315522954034375
1883,12.213919573836925,4.231553863684452
1884,12.213919522440587,4.23155506699774
1885,12.213919479015994,4.231555107596172
1886,12.213923625787256,4.231561643433201
1887,12.213942054377036,4.2315794341633595
1888,12.213944870271035,4.231596708568695
1889,12.214038297177849,4.231647259879057
1890,12.214612799767265,4.232206801802648
1891,12.21750126676343,4.235719540937825
1892,12.219944947481757,4.2441987931031
1893,12.254857240464574,4.270256116065167
1894,12.254415425892947,4.276963664625761
1895,12.25217694667632,4.279374321209861
1896,12.335875694118185,4.303637680994997
1897,12.411894473046331,4.355264699498926
1898,12.388923144166846,4.375209753001371
1899,12.413108151831798,4.396004013941106
1900,12.418533254060007,4.4155742113503225
1901,12.413891194674653,4.419745944342135
1902,12.413142592349162,4.420164059326068
1903,12.435734371885896,4.433811511620659
1904,12.436281291586827,4.43452794788563
1905,12.436169453548525,4.436950025674776
1906,12.435866417572425,4.437493560049242
1907,12.435974712586429,4.437789220381808
1908,12.436465896985471,4.438331120015552
1909,12.436496093672643,4.4383580788560275
1910,12.436548552889477,4.438648021358614
1911,12.436545001927298,4.43872654346624
1912,12.436544685377521,4.438726777134305
1913,12.436544353284985,4.438727979658073
1914,12.436544213864668,4.438728288151673
1915,12.436548612475667,4.438731299771021
1916,12.436548563329092,4.438731362106768
1917,12.436548563190126,4.438731362180993
1918,12.436548576690184,4.43873150251341
1919,12.436548565402253,4.438731575735177
1920,12.43654856511998,4.438731579632617
1921,12.436548613469258,4.4387316376975585
1922,12.436559317742898,4.438742529280961
1923,12.436558912513243,4.438742842108642
1924,12.436558911923408,4.438742842525793
1925,12.43655893444427,4.438742866270808
1926,12.436558934393243,4.438742866401327
1927,12.436558934391094,4.438742866405763
1928,12.436558934391101,4.438742866405757
1929,12.436558934391098,4.438742866405763
1930,12.436558934391098,4.438742866405762
1931,12.436558934391094,4.438742866405765
1932,12.436558934391094,4.438742866405762
1933,12.436558934399113,4.438742866410628
1934,12.436558934399114,4.438742866410626
1935,12.436558934399114,4.438742866410627
1936,12.436558934399114,4.438742866410627
1937,12.436558934399114,4.438742866410625
1938,12.436558934399118,4.438742866410635
1939,12.436558934399118,4.438742866410637
1940,12.436558934399162,4.438742866410701
1941,12.436558934399176,4.438742866410776
1942,12.436558934399176,4.438742866410777
1943,12.43655893439918,4.438742866410775
1944,12.436558934399185,4.438742866410771
1945,12.436558934399185,4.438742866410772
1946,12.436558934399182,4.438742866410775
1947,12.43655893439918,4.438742866410776
1948,12.43655893439918,4.438742866410775
1949,12.436558934399175,4.43874286641077
1950,12.436558934399176,4.438742866410769
1951,12.436558934399176,4.438742866410764
1952,12.436558934399176,4.43874286641076
1953,12.436558934399178,4.438742866410762
1954,12.436558934399182,4.43874286641077
1955,12.43655893439918,4.438742866410764
1956,12.43655893439918,4.438742866410761
1957,12.43655893439918,4.43874286641076
1958,12.43655893439918,4.438742866410758
1959,12.43655893439918,4.438742866410757
1960,12.436558934399176,4.438742866410764
1961,12.436558934399184,4.438742866410771
1962,12.436558934399182,4.438742866410766
1963,12.436558934399182,4.438742866410767
1964,12.436558934399189,4.43874286641076
1965,12.436558934399187,4.438742866410761
1966,12.436558934399187,4.438742866410759
1967,12.43655893439918,4.438742866410753
1968,12.436558934399175,4.438742866410746
1969,12.436558934399173,4.438742866410745
1970,12.436558934399173,4.4387428664107444
1971,12.436558934399173,4.438742866410747
1972,12.436558934399576,4.438742866410924
1973,12.43655893439958,4.438742866410961
1974,12.43655895390206,4.438742875999752
1975,12.436558953901507,4.438742876001802
1976,12.436558953901502,4.438742876001814
1977,12.436558953902564,4.438742876003003
1978,12.436558953902567,4.43874287600311
1979,12.436558953902564,4.438742876003113
1980,12.436558953902564,4.438742876003113
1981,12.436558953902553,4.4387428760031575
1982,12.436558953902553,4.438742876003158
1983,12.436558953902553,4.438742876003159
1984,12.436558953902553,4.4387428760031575
1985,12.436558953902631,4.438742876003248
1986,12.436558953929898,4.438742876036702
1987,12.43655895392647,4.438742876046033
1988,12.436558953928834,4.438742876048619
1989,12.43655895401186,4.4387428761876455
1990,12.436558954164353,4.4387428764521415
1991,12.436558954188055,4.4387428765487655
1992,12.43655895418801,4.438742876548865
1993,12.436558954188012,4.438742876548864
1994,12.436558954188108,4.438742876549053
1995,12.436558954188108,4.438742876549053
1996,12.436558954188353,4.438742876549365
1997,12.436558954188355,4.4387428765493615
1998,12.436558954188357,4.438742876549365
1999,12.436558954188428,4.438742876549467
2000,12.43655895418843,4.438742876549464
2001,12.436558954188415,4.438742876549518
2002,12.436558954188461,4.438742876549717
2003,12.436558954188818,4.438742876550082
2004,12.436558954189026,4.438742876550866
2005,12.436558954189215,4.438742876552071
2006,12.436558954188818,4.438742876553361
2007,12.43655895419116,4.438742876560467
2008,12.436558954186172,4.438742876573318
2009,12.436558954278114,4.43874287669908
2010,12.436558954879679,4.438742877793735
2011,12.436558955136293,4.438742879551769
2012,12.436558955496245,4.438742883120527
2013,12.436558955467534,4.438742883586508
2014,12.4365589559475,4.438742886896299
2015,12.436558957293075,4.438742893018479
2016,12.436559389995994,4.438743100010883
2017,12.436563164158358,4.4387461860159725
2018,12.436563142320184,4.4387463074106455
2019,12.436563142086671,4.438746307856613
2020,12.43656314237096,4.4387463085787235
2021,12.436563142328977,4.438746309262586
2022,12.436563142565051,4.4387463103326095
2023,12.436563142499825,4.438746310429756
2024,12.436563142494467,4.438746310520027
2025,12.436563142591705,4.438746310967663
2026,12.436563142589144,4.438746310970624
2027,12.43656314258914,4.438746310970629
2028,12.436563142589135,4.438746310970634
2029,12.436563142589135,4.438746310970633
2030,12.436563142589135,4.4387463109706315
2031,12.436563142589135,4.438746310970631
2032,12.436563142589135,4.438746310970631
2033,12.436563142589131,4.438746310970632
2034,12.436563142589131,4.438746310970634
2035,12.43656314258913,4.438746310970636
2036,12.436563142589126,4.438746310970633
2037,12.436563142589124,4.438746310970638
2038,12.436563142589124,4.438746310970639
2039,12.436563142589124,4.438746310970638
2040,12.451197820034631,4.417947833142285
2041,12.45119782003463,4.417947833142278
2042,12.45119782003463,4.417947833142279
2043,12.45119782003463,4.4179478331422715
2044,12.451197820034627,4.417947833142269
2045,12.45119782003463,4.417947833142264
2046,12.45119782003463,4.417947833142264
2047,12.451197820034631,4.417947833142266
2048,12.45119782003463,4.417947833142267
2049,12.451197820034627,4.417947833142266
2050,12.451197820034631,4.417947833142269
2051,12.451197820034634,4.4179478331422635
2052,12.45119782003464,4.417947833142259
2053,12.45119782003464,4.417947833142257
2054,12.45119782003464,4.417947833142261
2055,12.451197820034642,4.4179478331422635
2056,12.451197820034642,4.417947833142262
2057,12.451197820034643,4.4179478331422635
2058,12.45119782003464,4.417947833142268
2059,12.45119782003464,4.417947833142267
2060,12.45119782003464,4.417947833142266
2061,12.45119782003464,4.417947833142266
2062,12.451197820034638,4.417947833142264
2063,12.45119782003464,4.41794783314226
2064,12.451197820034642,4.417947833142263
2065,12.451197820034642,4.417947833142261
2066,12.451197820034643,4.41794783314226
2067,12.451197820034643,4.41794783314226
2068,12.451197820034643,4.417947833142263
2069,12.451197820034643,4.417947833142263
2070,12.451197820034645,4.417947833142261
2071,12.451197820034645,4.417947833142262
2072,12.451197820034643,4.417947833142257
2073,12.460192449741502,4.433303044355124
2074,12.460192449741502,4.4333030443551245
2075,12.460192449741502,4.433303044355123
2076,12.458492407401351,4.421842671404406
2077,12.458492407401359,4.421842671404413
2078,12.458492407401359,4.4218426714044154
2079,12.458492407401357,4.421842671404413
2080,12.458492407401357,4.421842671404414
2081,12.458492407401357,4.421842671404418
2082,12.458492407401348,4.421842671404436
2083,12.458492407401348,4.421842671404438
2084,12.458492407401344,4.421842671404436
2085,12.458492407401344,4.421842671404434
2086,12.458492407401351,4.4218426714044385
2087,12.458492407401351,4.421842671404438
2088,12.458492407401351,4.421842671404438
2089,12.458492407401353,4.421842671404431
2090,12.458492407401351,4.421842671404429
2091,12.458492407401351,4.4218426714044305
2092,12.458492407401351,4.421842671404431
2093,12.458492407401351,4.421842671404431
2094,12.458492407401351,4.421842671404431
2095,12.458492407401355,4.421842671404434
2096,12.458492407401351,4.4218426714044305
2097,12.458492407401353,4.421842671404432
2098,12.458492407401522,4.421842671404557
2099,12.458492407401522,4.421842671404558
2100,12.458492407401646,4.42184267140474
2101,12.458492407401637,4.421842671404803
2102,12.458492407411804,4.421842671416598
2103,12.458492407756921,4.421842671889322
2104,12.458492417348172,4.4218426803926505
2105,12.458492422489405,4.421842715673337
2106,12.458492421932508,4.421842716962892
2107,12.45849454460503,4.42184351735774
2108,12.45849447895643,4.421843603986538
2109,12.459566437112265,4.422415059031459
2110,12.45956643670221,4.422415059180738
2111,12.459571879299352,4.422419672186566
2112,12.460098231972422,4.4227905065641675
2113,12.460028428421115,4.422923240375895
2114,12.460020793878602,4.42293548502468
2115,12.460017061232678,4.422949855105734
2116,12.460029891390738,4.423013456119495
2117,12.471433566078431,4.429222142273275
2118,12.47082282885126,4.429963934233728
2119,12.471069481911957,4.43208114211916
2120,12.508641171922509,4.45258028092241
2121,12.508832079215829,4.4557622217433535
2122,12.509926161059635,4.45965720724554
2123,12.525055671370646,4.473847499422482
2124,12.524270305840997,4.474843447562279
2125,12.557426469332228,4.488242494807839
2126,13.224233905462036,4.595919790768367
2127,13.719981458790825,4.685791115052028
2128,13.718188722999043,4.687340797908805
2129,13.80190655947334,4.725104528915645
2130,13.888285850923362,4.753114323745121
2131,13.887435934794674,4.753781008394222
2132,13.887435397795237,4.753781160210357
2133,13.887978974010661,4.753962404970538
2134,13.887975705794823,4.753964634831523
2135,13.88797559501425,4.753964936758615
2136,13.887993423118587,4.75398551617285
2137,13.887993253234201,4.753985588156295
2138,13.887993253192676,4.753985588186374
2139,13.887993253192677,4.7539855881863735
2140,13.887993253677562,4.753985588370947
2141,13.887993253675944,4.753985588373131
2142,13.887993253675535,4.753985588373925
2143,13.887993253710844,4.753985588426561
2144,13.88799325371084,4.753985588426564
2145,13.887993253710842,4.753985588426568
2146,13.887994924597564,4.753985857135894
2147,13.887994920176077,4.753985859240911
2148,13.887994951925002,4.753985895540384
2149,13.887995033212958,4.753986747733387
2150,13.887995113561612,4.753987168686621
2151,13.88799782145426,4.753989197279816
2152,13.88799701614116,4.7540057256987795
2153,13.887996548440189,4.754005970123729
2154,13.888099766498819,4.754105655021887
2155,13.888449679638141,4.754533212597337
2156,13.892983543897527,4.758318669933284
2157,14.09022571524416,4.79612183456954
2158,14.214612012586013,4.8631197460229565
2159,14.214525065982487,4.8631658740779935
2160,14.214525029382084,4.863165890897848
2161,14.214525041698632,4.86316602275544
2162,14.214668954590268,4.863211223637803
2163,14.215156311892022,4.863612036817861
2164,14.215154058323794,4.863614415711461
2165,14.215151544083852,4.863616298662866
2166,14.215163521090755,4.863629614722066
2167,14.215163108655027,4.863629927363443
2168,14.215163108353346,4.86362993074175
2169,14.215163108352181,4.863629930742653
2170,14.215163108352087,4.863629930742722
2171,14.215163108352083,4.863629930742724
2172,14.215163108352083,4.863629930742723
2173,14.215163108352083,4.863629930742724
2174,14.215163108352092,4.863629930742718
2175,14.215163108352094,4.863629930742717
2176,14.215163108352092,4.863629930742716
2177,14.215163108352094,4.863629930742717
2178,14.215163108352101,4.8636299307427135
2179,14.215163108352098,4.863629930742716
2180,14.215163108352115,4.863629930742705
2181,14.215163108352115,4.863629930742705
2182,14.215163108352115,4.863629930742705
2183,14.215163108352115,4.8636299307427056
2184,14.215163108352115,4.863629930742706
2185,14.21516310835211,4.863629930742711
2186,14.21516310835211,4.863629930742711
2187,14.21516310835211,4.863629930742712
2188,14.215163108352112,4.863629930742709
2189,14.215163108352113,4.8636299307427056
2190,14.21516310835211,4.863629930742702
2191,14.215163108352112,4.863629930742698
2192,14.21516310835211,4.863629930742701
2193,14.215163108352108,4.8636299307427
2194,14.215163108352108,4.8636299307427
2195,14.215163108352106,4.8636299307426984
2196,14.21516310835211,4.863629930742702
2197,14.21516310835211,4.863629930742701
2198,14.21516310835211,4.8636299307426984
2199,14.21516310835211,4.863629930742698
2200,14.21516310835211,4.863629930742698
2201,14.21516310835211,4.863629930742698
2202,14.215163108352108,4.863629930742695
2203,14.215163108352108,4.863629930742698
2204,14.21516310835211,4.863629930742702
2205,14.215163108352108,4.863629930742704
2206,14.215163108352108,4.863629930742703
2207,14.215163108352108,4.863629930742704
2208,14.21516310835211,4.8636299307427056
2209,14.21516310835211,4.8636299307427056
2210,14.21516310835211,4.863629930742705
2211,14.21516310835211,4.8636299307427056
2212,14.215163108352305,4.863629930742748
2213,14.215163165541718,4.863629949710599
2214,14.215163344320986,4.863630079721374
2215,14.2151633443199,4.863630079722477
2216,14.215163344321564,4.863630079733819
2217,14.215163344323312,4.863630079756141
2218,14.215163344322992,4.863630079763944
2219,14.215163344332927,4.863630079782934
2220,14.215163344332924,4.8636300797829355
2221,14.21516334433292,4.863630079782965
2222,14.215163344332915,4.863630079782968
2223,14.215163344332916,4.8636300797829675
2224,14.215163344332916,4.863630079782968
2225,14.21516334433292,4.863630079782973
2226,14.215163344355018,4.863630079807148
2227,14.21516334460459,4.863630080112496
2228,14.215163346138269,4.863630081385034
2229,14.215163382972111,4.8636301212618855
2230,14.21516338296575,4.863630121265247
2231,14.215163382971694,4.8636301213151665
2232,14.215163382971669,4.863630121315184
2233,14.215163383003357,4.863630121348763
2234,14.215163383011207,4.8636301213651105
2235,14.215163383021732,4.863630121382896
2236,14.215163383021604,4.86363012138302
2237,14.215163383021638,4.86363012138315
2238,14.215163383021638,4.863630121383148
2239,14.21516338302164,4.863630121383147
2240,14.215163383021642,4.863630121383151
2241,14.215163383021642,4.8636301213831485
2242,14.215163383021642,4.863630121383149
2243,14.215163383021642,4.8636301213831485
2244,14.215163383021638,4.863630121383146
